paper,title,authors
M4,Former eight look kind mother dinner,Renee Reid and Robert Lester
M6,Head side create manager act,"Paula Stanley, Erin Hardin and Troy Turner"
M13,Middle father yard act message computer thank,"Dr. Michelle, Sheena Meyer and William Bailey"
M15,Black PM year turn many require,Donna Weiss and Whitney Wilson
M19,Already skill start health culture give sport many,"Preston Compton, Krista Lee, Robert Williamson and Jeff Berry"
M22,Protect drug today tough little human note item,Denise Wong and Daniel Bell
M23,I truth even series difference design,Karen Williams
M26,Doctor road recently certain might,"Mrs. Sarah, Victor Mitchell and Diane Grant"
M40,Sing follow political remain,Mrs. Virginia and Melissa Wilson
M43,Half oil forward world,Phyllis Salas and Michelle Martinez
M58,Everyone new participant side,"Nicholas Anderson, Katie Williams, Ray Waters, Dr. Taylor and Jeanette Howard"
M75,Foreign your have attorney system,"Christopher Diaz, Martha Stone, Amanda Sims, William Marsh and Cody Morgan"
M78,Matter edge while firm race several usually,"Andrea Dominguez, Donald Price, Nicole Douglas, Tara Kennedy and Dr. Mark"
M79,Order performance stop all material would their,Keith Wilson
M81,Laugh future whole fill,"Mason Howard, Mrs. Sarah, Nicole Benson, Teresa Jones and Courtney Gutierrez"
M91,Evening growth its wide,Natalie Curtis
M100,Young local check chair,"Ashley Gross, Jamie Perez and Michael Guerrero"
M113,Building sense remember pattern Mr bad cut,"Jason Woods, Martha Davis, Drew Ryan, Amy Harmon and Alec Crawford"
M118,Entire talk board book responsibility,Michael Hudson and Henry Adams
M120,Central create practice would oil hair mouth standard,Lisa Johnson and Gabriel Oconnor
M123,Remain activity across final admit,"Linda Brown, Matthew Holloway, Becky Ellis and Robin Williams"
M126,Outside animal picture agree true may me,"Julie Wallace, Lisa Harris, Ryan Martinez and Robert Pope"
M129,Street answer month send political source,"Amanda Aguilar, Cynthia Gonzalez and Derek Griffin"
M130,Drop yet perhaps four forward,"John Johnson, Mary Moody and Ashley Good"
M135,Foreign radio current feeling,"Bridget Quinn, Robert Thomas, Alicia Robinson, Laura Peterson and David Lopez"
M139,Alone bank respond at heart argue,"Christopher Evans, Daniel Allen and Jennifer Gross"
M146,Entire election wide drug law material feeling idea,"Grant Harris, Catherine Smith, Eric Brown and Walter Underwood"
M147,Certainly bring grow,"Jeremy Moss, Derek Hernandez, Kathleen Lopez and April Ayers"
M150,Though leader church one,"Jeffrey Alvarez, Alan Beck and William Colon"
M153,Hotel meet activity actually interest,Robin Sanders
M160,Option affect firm money,"Heidi Thompson, Zachary Campos, Benjamin Davis, Jamie Perez and Monica Clark"
M178,Where raise on,Jesse Johnson
M191,Good sign hard last,"James Barajas, Michael Salazar, Eric Spencer and Kathryn Collins"
M193,Dinner include statement factor,"Karen Powers, Michael Wood, Brandon Robinson and Mark Hicks"
M197,Job product these forget organization tonight Congress,Phyllis Salas
M209,Word late certainly lose scene,Barbara Doyle
M210,You real lot nature,"Brian Santos, Stephanie Jones, Melinda Moran, Timothy Gray and Kenneth Bailey"
M214,Clearly officer up difference put true,Brandon Zamora and David Gonzales
M222,Travel kid wish notice place garden professional,"Corey Weeks, Rodney Dunn and Curtis Ponce"
M237,Throw senior how know individual,"Brianna Oconnell, Daniel Williams, Cody Freeman, Hector Weber and Derek Cook"
M241,Red myself like produce consumer upon argue,Diane Morales and Jennifer Massey
M246,Off plant if bring professional watch soon economy,Michael Harris and Stacy Reid
M252,Now nation mother rule action pay without this,James Young
M253,Today family field cultural,"Michael Benson, Daniel Cooper and Kimberly Davis"
M261,Know eight official,Shane Brown and Brian Rogers
M267,Staff woman interest laugh bank agree improve,Julie Lutz and Bridget Clark
M273,Animal range among his style food recently,"Chelsea Webster, Maria Long and Juan Massey"
M277,Accept call relationship quite plan generation still,George Robinson
M291,Pay film Mr Mr cell stay,"Ashley Waters, Timothy Blake, Chelsey Barber, Jeremy Moss and Aaron Bowers"
M293,Picture fear grow stop head ago consider,"Erik Martinez, Cory Boyd and Lindsay Guerrero"
M300,Idea tax black control which,"Elizabeth Schmidt, Nancy Castillo, Micheal Gentry, Kimberly Hale and Crystal Webb"
M305,Say operation know,Randy Davis
M307,Name something series none fall significant,"Christopher Williams, Travis Monroe and Arthur Rice"
M310,Entire daughter understand pressure arm family,"Kimberly Cole, Amy Lewis and Reginald Douglas"
M330,Knowledge organization trouble beautiful spend truth,"Mark Giles, Karen Mcdonald, Annette Carter, Teresa Newman and Cynthia Carter"
M338,Picture yourself street even,Jeremy Johnson
M340,Budget follow attention management old article,Mackenzie Taylor
M342,Morning decide expect sound away point,Samantha Donaldson and Jennifer Giles
M344,Quickly music read year figure,"Rebecca Kennedy, Lisa Gutierrez and Patricia Harrison"
M345,Them close apply computer apply,"Jennifer Jimenez, Kelsey Jones, Miranda Stokes, Erica Olsen and Krista Wilson"
M350,Exist happy middle bag always with,"John Tanner, Brenda Thompson, Matthew Thomas, Zoe Taylor and Mark Jones"
M351,Whether national despite through after design,"Kevin Hunter, Terry Bray, Travis Kim and Dylan Freeman"
M354,Always state without find police seek instead,"Trevor Trevino, Ariel Aguilar, Jamie Quinn, Angela Durham and Jack Martin"
M358,Reveal defense store top ever task hospital test,"Alexis Davidson, Jesse Johnson, Veronica Ray and Karen Fuentes"
M369,Safe painting reflect human feeling five future,"David Vincent, Jordan Bryant, Jason Ramos, Amy Nelson and Bonnie Hutchinson"
M377,Point policy seek interview discuss federal,"Crystal Hall, Terry Rivera, Victor Hayes and Lisa Wilson"
M385,Father within prevent traditional morning pay or,Kimberly Farmer and Christopher Nielsen
M394,Change director forget training almost those,"Jeremy Gill, Tonya Shaw and Cindy Wiggins"
M406,Matter century sign listen every,Alexis Walker and Bradley Ortiz
M407,Suggest spend suffer who despite free fear,Matthew Wright and Sierra Walsh
M408,Treatment rule floor scientist investment firm,Rick Gibson and Jenna Friedman
M411,Strategy decide activity series determine a,"Rebecca Hernandez, Alfred Weaver, Alyssa Short, Brian Petersen and Alejandro Douglas"
M419,World share feeling,Carla Taylor
M421,Campaign end music director know the,"Barry Padilla, Cindy Doyle, Allen Russell and Roger Holmes"
M428,Memory kitchen leave north job young,Andrew Bell
M439,Stock economy kitchen recognize,"Matthew Thompson, Savannah Wiley, Nicole Hall, Tammy Daniels and Crystal Mcconnell"
M445,Full official modern,"William Brown, Sharon Gordon and William Little"
M450,Ability body mean operation next positive shake ball,Johnny Curry
M451,Energy explain summer,"Amy Black, Brandon King and Ryan Morales"
M452,Another service college turn everybody its project,"Ashley Hayden, April Osborn, David Cooper and Robert Duncan"
M456,Onto pull close financial lawyer grow low,Mark Lloyd
M464,Somebody doctor college model treat,"Kathryn Villanueva, Suzanne Pham, Terrance Kennedy, Joseph Gregory and Don Anderson"
M465,Politics know art cut conference,"Colleen Obrien, Anthony Washington and April Boyd"
M485,Assume grow rather former,"Rebecca Henderson, Mary Garcia, Laurie Griffith, Charles Lopez and Cathy Day"
M492,Cup western base area control such,Sierra Williams and Ryan Peters
M495,Collection keep mother fast later push ever,Steven Atkinson
M504,Month hope follow stay church rock appear,"William Perez, Lauren Hall, Kristina Baker, Jonathan Long and Brian Baker"
M524,Response return break eye check,"Erica Terry, Gary Bell, Bernard Brooks and Karina Williams"
M528,Account than out after leg,Gary Acevedo
M529,Only sport eight clearly company drive,Lori Schwartz
M536,Happen gun four,"Richard Clay, Christina Waters, Melissa Wright and Adam Boyd"
M537,Part especially million guy machine adult those,Joann Guerrero
M541,Become week charge out better,Maria Ellis
M542,Policy test knowledge hard loss together too,"Nichole Rogers, Susan Gentry, Willie Lutz, Pamela Hernandez and Matthew Phillips"
M543,Hit while audience statement page often,Katherine Cruz
M550,Wear Congress actually school city experience against,Lisa Williams
M553,Executive miss chance star,Jimmy Moore and Tyler Nelson
M554,Understand decision already see yeah knowledge,"Daniel Shah, Randy Yang, James Wilson and Frank Phillips"
M557,Sit clear book order against,"Kimberly Chapman, Charles Tapia and Pamela Petersen"
M559,Not price stand political back song,Donna Lynch
M561,On carry dog seven tree still,"John Davis, Paul Nelson and Brandon Ray"
M564,Beautiful when nothing training really audience example,"Angela Owens, Alyssa Allen, Scott Lucas, Tyler King and Kaitlyn Schneider"
M570,Present catch left however home mission,"Michael Brown, David Knox and Crystal Miller"
M572,Structure want marriage wall amount most specific,"Gina Schultz, Rachel Webb, Theodore Smith, James Butler and Steven Collins"
M583,Themselves soldier professional card financial,Jennifer Dominguez
M586,Explain head avoid,"Amanda Sandoval, Jeffrey Lawson, Connie Owens and Ivan Swanson"
M589,Thank follow particular statement often purpose,"Michael Oconnor, Bethany Cooke, Tyler Camacho, Francisco Hardy and Jerry Merritt"
M599,Hope short marriage election under occur make,"Mary Torres, Tamara Stevens and Rebekah Jones"
M600,American room nature of away phone,Amanda Patel and Alexandra Ayala
M601,Condition add discover suffer their,"Ryan Barrera, Lisa Rogers, Jennifer Russell, Lisa Crane and Austin Serrano"
M605,Management six what,Joseph Wilson
M607,Receive friend parent,"Alisha Lynch, Dawn Zimmerman, Jenna Bray and Jose Terry"
M608,Lay sister public off school old,"Kimberly Bowman, Kathryn Wang, Roger Nelson, Dana Horton and Kathy Williams"
M609,Wait company wrong every follow,Richard Baker
M614,Medical probably hold let run eat more,"Joshua Fox, Jeremiah Turner, Jennifer Cruz, Eric Clark and Lori Butler"
M616,Situation bar research election know language college,"Katherine King, Jennifer Wagner and Robert Berry"
M619,Coach someone company eight language,"Joel Griffin, Kevin Smith, Susan Lee and Kelsey Jones"
M623,Event safe step,James Ward
M626,Argue question garden as world see though blood,Randall Holmes
M627,Team all son interesting sense front vote,Whitney Barnett
M628,Scene opportunity dream again,Austin Moran
M632,Present long center each resource measure deep,Todd Kim and Jason Marsh
M634,Popular suddenly money you,"Gregory Holt, Sandra Garcia and Teresa Robertson"
M641,Ability audience age pick president,Sarah Phillips and Dr. Christine
M642,Work threat mother economic meeting interview answer president,"Kelsey Ortega, Kara Tyler, Keith Phillips and Mary White"
M661,Positive than ever state difference movie democratic,Adrian Brown and Heather Brooks
M667,Force week career company majority face might,Natalie White and Jesse Brown
M679,High without around bit media establish,"Daniel Stuart, Larry Morgan, John Cooper, Jasmine Ramirez and Carlos Kirk"
M690,Mission smile view science,Daniel Wilson
M693,Risk power easy party when difficult,"Rodney Wiley, Katherine Hines, Sarah Ray, Michael Livingston and Heather Washington"
M695,Seek rock student system,Jacob Wells and Louis Strickland
M699,Painting time follow house,Jeffrey Gomez
M700,Production relationship political amount late,"Yvonne Garcia, Rodney Green, Jeffery Conley, Jonathan Green and Donald Martinez"
M704,Natural party article when,"Jacqueline Johnson, Donna Campbell and Courtney Weaver"
M705,Nation ball agreement actually no,"Eric Richards, Rebecca Harris, Randall Carlson and Todd Moreno"
M706,Social within argue history,John Young and Christopher Dean
M707,Face pattern will perhaps up if television,"Marc Swanson, Alexandra Castaneda and Sara Thomas"
M717,Short fly nor your,"Jeremy Byrd, Mark Jordan and Kelly Howard"
M720,Fire look even compare media visit,Diana Thompson
M726,Finally speak investment land building,"Michelle Harrison, Norman Cruz, Peter Jordan and Kevin Combs"
M733,Expert throughout season sea four return finally,"Robert Jenkins, Austin Wells, Ann White and Connie Kramer"
M736,Player hospital open finish catch scene,"Mark Decker, Natasha Sparks, Briana Williamson, Steven Schultz and Jay Odonnell"
M752,American available government strategy leave bed,"Heather Bates, Natalie Hammond, Mario Walsh, Sean Esparza and Cody Everett"
M754,Speech city resource rock college house event situation,"Jonathan Sims, Hannah Nelson, William Nunez, Dr. Karen and James Hall"
M769,Every along seem cut professor west physical,Shannon Mcdaniel
M770,Relationship two structure church,Stephen Thompson
M773,There cell grow best account,"Michelle Melton, Raymond Robertson, Crystal Gonzalez and Carol Palmer"
M774,Wait interest record paper poor,"Terry Owens, Larry Benson, Angelica Gates, Robert James and Patricia Weeks"
M775,Important serious whom year by,Mark Wolfe and Jordan Parker
M776,Whose father run recent house rock song,Christopher Price
M778,Forget exist road personal close,Jorge Conrad
M795,Degree different get stop personal court same message,"William Adams, Ann Hart, Bradley Riley and Spencer White"
M799,Recent shoulder truth bit campaign behavior between,"Sarah Garza, Stephanie Rojas, Tommy Robertson, Wanda Mckinney and Renee Nelson"
M800,Put rate might arm catch anything front,"David Johns, Daniel Snyder, Heather Evans and Michael Martinez"
M802,On eat option seat past decision happen,Beverly Arnold and Brian Nguyen
M807,Food argue tough analysis coach although important,"Bryan Melton, Laura Richardson, Robert Moore and Mrs. Briana"
M816,Usually church there,Matthew Harvey and Jessica Crawford
M818,Rise through something,"John Evans, Raymond Robertson, Rebecca Castillo, Kari Lozano and Stacy Jones"
M822,Prepare person her hot visit,Joseph Woods and Russell Edwards
M826,Happen particularly organization speech relationship or beyond million,"Mike Keller, Jennifer Barnett, Scott Gentry and Billy Fisher"
M835,Method Congress many possible maintain machine real page,"Tracy Moore, Brittany Baldwin, Chad Jackson and Danielle Lewis"
M837,International nation among prove item student month,"William Perkins, Michelle Shepard and Tammy Benitez"
M857,Can could understand side,"Jennifer Perkins, Jennifer Hernandez, Veronica Ray and Daniel Torres"
M860,This the front often,Darryl Ward and Drew Jones
M866,Table would for quite wind century,"Amanda Krause, Jacob Everett and Kristi Hill"
M876,Experience good thus,Kelsey Nguyen
M877,Although loss author list chair mission chance,Andrea Smith
M878,What view nature,Larry Tran and Karla Hart
M885,Discuss area response speak maybe right natural,"Tyler Walter, Larry Mathews, Jessica Contreras and Rodney Parsons"
M894,How make where figure relationship role,Diane Conley
M901,Appear positive best front modern before,"Edward Wilson, Joanna Friedman and Elizabeth Allen"
M908,Prepare skin know any already,"Casey Scott, Lisa Nguyen, Samuel Hicks and Nathaniel Herring"
M909,Ten thus away special woman audience into investment,"Angela Rodriguez, Joshua Mitchell, Jennifer Miller and Christopher Sheppard"
M912,Always quite soldier name,"Donald Campos, Mary Huff, Shannon Fowler, Scott Gordon and Cory Moore"
M917,Test others speech may east commercial minute,Allen Villa
M925,Attorney pattern book picture shake,"Sarah Hines, Kristen Dean, Tina Fischer, Donna Miranda and Alexis Vincent"
M926,Population deal from surface home total,"Shelly Davis, Michelle Hess, Amanda Marshall, Charles Anderson and Andrew Hobbs"
M927,Price speak rate,"Dr. Ryan, Nathaniel Nelson and Joshua Finley"
M931,End international tree human remember scientist,Edward Hatfield
M932,Seven trade reveal impact,"Jeffery Daniels, John Smith, Stephanie Bailey, Scott Crawford and Karen Williams"
M934,He since claim detail,"Victoria Holland, Paul Robinson, Rodney Bowman, Eric Daniel and Zachary Monroe"
M947,Another top turn modern time why wonder,"Tamara Lucero, Cindy Smith, James Barajas, Martin Barnes and Shannon Young"
M951,Entire our gas real her west civil main,"Ashley Henry, Steven Hooper, Sarah Wall, William Davis and Amanda Robertson"
M962,Prove race science mean surface board,"Christopher Sandoval, Debra Garrett, Amanda Park and Steven Moore"
M964,Science board able age now indicate,Peter James and Robin Nguyen
M978,Near catch nice force Mrs yeah,Danielle Rogers and Samantha Mason
M982,Goal focus political listen toward be,Thomas Butler
M985,Themselves both fill property,"Sandy Hansen, Diamond Chapman and Suzanne Wallace"
M990,Raise individual whose task,Debra Tate
M996,Particularly change including attorney,Warren Maddox and Samantha Ball
