paper,author,email
M4,Renee Reid,zachary90@example.net
M4,Robert Lester,qsmith@example.org
M6,Paula Stanley,vmorales@example.org
M6,Erin Hardin,psmith@example.net
M6,Troy Turner,sarah70@example.com
M13,Dr. Michelle,michaelbrown@example.net
M13,Sheena Meyer,suarezalexander@example.org
M13,William Bailey,hendersondonna@example.com
M15,Donna Weiss,amanda59@example.com
M15,Whitney Wilson,sandrahutchinson@example.net
M19,Preston Compton,bjones@example.com
M19,Krista Lee,deborah12@example.net
M19,Robert Williamson,megan55@example.net
M19,Jeff Berry,williamsantiago@example.com
M22,Denise Wong,danagilmore@example.com
M22,Daniel Bell,zpratt@example.net
M23,Karen Williams,natashabowers@example.org
M26,Mrs. Sarah,jessicamoyer@example.com
M26,Victor Mitchell,douglas53@example.org
M26,Diane Grant,angelalopez@example.net
M40,Mrs. Virginia,jasonglenn@example.com
M40,Melissa Wilson,mcleannicholas@example.net
M43,Phyllis Salas,lucerodavid@example.net
M43,Michelle Martinez,gcruz@example.net
M58,Nicholas Anderson,abenjamin@example.com
M58,Katie Williams,antonio68@example.net
M58,Ray Waters,pamela88@example.org
M58,Dr. Taylor,meltonstacie@example.net
M58,Jeanette Howard,james97@example.com
M75,Christopher Diaz,marcus16@example.com
M75,Martha Stone,williamsmelissa@example.net
M75,Amanda Sims,sandylewis@example.org
M75,William Marsh,steven74@example.com
M75,Cody Morgan,laurabecker@example.net
M78,Andrea Dominguez,smithjennifer@example.com
M78,Donald Price,wellis@example.org
M78,Nicole Douglas,greg23@example.org
M78,Tara Kennedy,jeremy29@example.org
M78,Dr. Mark,scott18@example.org
M79,Keith Wilson,jamesgarrett@example.net
M81,Mason Howard,lisa24@example.net
M81,Mrs. Sarah,jessicamoyer@example.com
M81,Nicole Benson,westallen@example.com
M81,Teresa Jones,jameswilliamson@example.com
M81,Courtney Gutierrez,eugenekrause@example.org
M91,Natalie Curtis,tracey47@example.org
M100,Ashley Gross,andrea48@example.org
M100,Jamie Perez,pattersonrebecca@example.org
M100,Michael Guerrero,rachel66@example.org
M113,Jason Woods,tracy88@example.org
M113,Martha Davis,brandtchristine@example.org
M113,Drew Ryan,meyermorgan@example.com
M113,Amy Harmon,chelseajames@example.org
M113,Alec Crawford,campbellricky@example.net
M118,Michael Hudson,anne05@example.net
M118,Henry Adams,laura61@example.net
M120,Lisa Johnson,lduarte@example.org
M120,Gabriel Oconnor,smithedward@example.org
M123,Linda Brown,umendez@example.net
M123,Matthew Holloway,justinbenson@example.com
M123,Becky Ellis,joneschristine@example.net
M123,Robin Williams,lbenitez@example.net
M126,Julie Wallace,paulayoung@example.net
M126,Lisa Harris,dbryant@example.org
M126,Ryan Martinez,paul34@example.com
M126,Robert Pope,qbailey@example.org
M129,Amanda Aguilar,clarkchristine@example.net
M129,Cynthia Gonzalez,emilybell@example.net
M129,Derek Griffin,kingbrandon@example.org
M130,John Johnson,amandagarcia@example.net
M130,Mary Moody,taylor25@example.net
M130,Ashley Good,troy53@example.org
M135,Bridget Quinn,jessica18@example.com
M135,Robert Thomas,pbeck@example.net
M135,Alicia Robinson,isabella21@example.org
M135,Laura Peterson,devinmartin@example.com
M135,David Lopez,carolmccoy@example.net
M139,Christopher Evans,steelejill@example.com
M139,Daniel Allen,fadams@example.org
M139,Jennifer Gross,jerry98@example.com
M146,Grant Harris,lawrencemichael@example.net
M146,Catherine Smith,tstone@example.org
M146,Eric Brown,ohartman@example.net
M146,Walter Underwood,willismelissa@example.net
M147,Jeremy Moss,mbates@example.net
M147,Derek Hernandez,leesara@example.com
M147,Kathleen Lopez,sethmccann@example.org
M147,April Ayers,ygraham@example.net
M150,Jeffrey Alvarez,jamie56@example.org
M150,Alan Beck,deanna82@example.net
M150,William Colon,rachel42@example.org
M153,Robin Sanders,edavenport@example.com
M160,Heidi Thompson,jonathan54@example.org
M160,Zachary Campos,joshua85@example.org
M160,Benjamin Davis,amiller@example.org
M160,Jamie Perez,pattersonrebecca@example.org
M160,Monica Clark,johntyler@example.org
M178,Jesse Johnson,sharpkaren@example.org
M191,James Barajas,browndavid@example.com
M191,Michael Salazar,cynthiaburch@example.com
M191,Eric Spencer,mrodriguez@example.net
M191,Kathryn Collins,millerjulie@example.com
M193,Karen Powers,davidsonerika@example.net
M193,Michael Wood,kristin99@example.org
M193,Brandon Robinson,bhopkins@example.com
M193,Mark Hicks,hobbsdiana@example.net
M197,Phyllis Salas,lucerodavid@example.net
M209,Barbara Doyle,jeffery53@example.net
M210,Brian Santos,rachel35@example.com
M210,Stephanie Jones,holly88@example.org
M210,Melinda Moran,brenda46@example.net
M210,Timothy Gray,rossamy@example.net
M210,Kenneth Bailey,angelasmith@example.com
M214,Brandon Zamora,megansanchez@example.com
M214,David Gonzales,haleyisabella@example.com
M222,Corey Weeks,scottnoble@example.net
M222,Rodney Dunn,monroeemily@example.com
M222,Curtis Ponce,vjones@example.net
M237,Brianna Oconnell,bstone@example.org
M237,Daniel Williams,hortonjeffrey@example.org
M237,Cody Freeman,castillonatalie@example.net
M237,Hector Weber,stevensonrobert@example.org
M237,Derek Cook,thomasolivia@example.org
M241,Diane Morales,bankschad@example.net
M241,Jennifer Massey,chasemason@example.com
M246,Michael Harris,georgesampson@example.com
M246,Stacy Reid,youngveronica@example.net
M252,James Young,patriciahernandez@example.com
M253,Michael Benson,brent14@example.com
M253,Daniel Cooper,bakerraymond@example.org
M253,Kimberly Davis,amanda47@example.org
M261,Shane Brown,campbellkevin@example.net
M261,Brian Rogers,gpayne@example.com
M267,Julie Lutz,jacob10@example.net
M267,Bridget Clark,margaret61@example.org
M273,Chelsea Webster,jamesschneider@example.com
M273,Maria Long,kristaanderson@example.org
M273,Juan Massey,phyllisvelasquez@example.org
M277,George Robinson,charlesbrooks@example.net
M291,Ashley Waters,virginia10@example.org
M291,Timothy Blake,huntlucas@example.com
M291,Chelsey Barber,westlisa@example.net
M291,Jeremy Moss,mbates@example.net
M291,Aaron Bowers,scottwendy@example.org
M293,Erik Martinez,jeffrey17@example.net
M293,Cory Boyd,alyssa65@example.org
M293,Lindsay Guerrero,wagnerseth@example.com
M300,Elizabeth Schmidt,danielsjeffrey@example.org
M300,Nancy Castillo,ortizmatthew@example.com
M300,Micheal Gentry,leslie87@example.com
M300,Kimberly Hale,kellispencer@example.com
M300,Crystal Webb,wagnercrystal@example.com
M305,Randy Davis,fpierce@example.org
M307,Christopher Williams,mitchellsarah@example.net
M307,Travis Monroe,gmontes@example.org
M307,Arthur Rice,davidrodriguez@example.org
M310,Kimberly Cole,lauraking@example.com
M310,Amy Lewis,brittany76@example.com
M310,Reginald Douglas,moyerolivia@example.net
M330,Mark Giles,breanna03@example.net
M330,Karen Mcdonald,luceroholly@example.com
M330,Annette Carter,cummingsmichael@example.com
M330,Teresa Newman,kelleykatherine@example.net
M330,Cynthia Carter,jeremysimon@example.com
M338,Jeremy Johnson,jacquelineclayton@example.net
M340,Mackenzie Taylor,jacob28@example.net
M342,Samantha Donaldson,rmiller@example.com
M342,Jennifer Giles,kevinliu@example.org
M344,Rebecca Kennedy,downskimberly@example.org
M344,Lisa Gutierrez,daniel57@example.net
M344,Patricia Harrison,youngjennifer@example.com
M345,Jennifer Jimenez,johnsonalexis@example.net
M345,Kelsey Jones,josephmacias@example.net
M345,Miranda Stokes,william31@example.com
M345,Erica Olsen,jacob86@example.net
M345,Krista Wilson,stanleymichelle@example.net
M350,John Tanner,ethompson@example.com
M350,Brenda Thompson,masseydavid@example.com
M350,Matthew Thomas,delgadostacey@example.net
M350,Zoe Taylor,ninaevans@example.net
M350,Mark Jones,vsaunders@example.net
M351,Kevin Hunter,robert86@example.org
M351,Terry Bray,xkelley@example.org
M351,Travis Kim,kristin69@example.org
M351,Dylan Freeman,jeffrey06@example.com
M354,Trevor Trevino,mccarthyrichard@example.com
M354,Ariel Aguilar,brookskevin@example.com
M354,Jamie Quinn,justinrichard@example.org
M354,Angela Durham,matthewnewton@example.com
M354,Jack Martin,julie37@example.com
M358,Alexis Davidson,williamstodd@example.org
M358,Jesse Johnson,sharpkaren@example.org
M358,Veronica Ray,oliverbrandon@example.net
M358,Karen Fuentes,juliemiller@example.net
M369,David Vincent,atkinsondouglas@example.com
M369,Jordan Bryant,arthur45@example.com
M369,Jason Ramos,meyerjustin@example.org
M369,Amy Nelson,littlejoe@example.net
M369,Bonnie Hutchinson,mariadavis@example.net
M377,Crystal Hall,garrettwilson@example.net
M377,Terry Rivera,jamie10@example.net
M377,Victor Hayes,mary70@example.net
M377,Lisa Wilson,smithangela@example.net
M385,Kimberly Farmer,lisawalter@example.net
M385,Christopher Nielsen,cookrobin@example.com
M394,Jeremy Gill,ghouston@example.net
M394,Tonya Shaw,qbailey@example.org
M394,Cindy Wiggins,robertrivera@example.net
M406,Alexis Walker,michael67@example.net
M406,Bradley Ortiz,smithjennifer@example.com
M407,Matthew Wright,downslucas@example.com
M407,Sierra Walsh,morrisondiane@example.net
M408,Rick Gibson,dylanharris@example.org
M408,Jenna Friedman,collinsjoshua@example.org
M411,Rebecca Hernandez,rhenderson@example.org
M411,Alfred Weaver,ericmckee@example.org
M411,Alyssa Short,mark38@example.org
M411,Brian Petersen,pmckinney@example.net
M411,Alejandro Douglas,richard98@example.org
M419,Carla Taylor,vanderson@example.org
M421,Barry Padilla,steingabriela@example.org
M421,Cindy Doyle,greenbrian@example.org
M421,Allen Russell,jessica61@example.com
M421,Roger Holmes,alicia23@example.com
M428,Andrew Bell,nathan28@example.com
M439,Matthew Thompson,ronald90@example.com
M439,Savannah Wiley,smithpaige@example.com
M439,Nicole Hall,ramirezkyle@example.com
M439,Tammy Daniels,jareddixon@example.net
M439,Crystal Mcconnell,samanthacollier@example.org
M445,William Brown,andrewsjason@example.org
M445,Sharon Gordon,csanders@example.org
M445,William Little,nelsonjeremy@example.org
M450,Johnny Curry,kellyflores@example.net
M451,Amy Black,tamara95@example.org
M451,Brandon King,parksbrittany@example.org
M451,Ryan Morales,qthompson@example.org
M452,Ashley Hayden,christopherdean@example.net
M452,April Osborn,perrywilliam@example.org
M452,David Cooper,quinnmichael@example.org
M452,Robert Duncan,onorton@example.org
M456,Mark Lloyd,richard58@example.org
M464,Kathryn Villanueva,blairlisa@example.net
M464,Suzanne Pham,kristy27@example.com
M464,Terrance Kennedy,jessica52@example.net
M464,Joseph Gregory,rcox@example.net
M464,Don Anderson,griffithjennifer@example.net
M465,Colleen Obrien,ricechristine@example.com
M465,Anthony Washington,hroach@example.com
M465,April Boyd,vjohnston@example.com
M485,Rebecca Henderson,kathleen42@example.com
M485,Mary Garcia,nbrennan@example.net
M485,Laurie Griffith,hallheidi@example.com
M485,Charles Lopez,downsjuan@example.net
M485,Cathy Day,snyderstacy@example.com
M492,Sierra Williams,lharris@example.com
M492,Ryan Peters,vhogan@example.net
M495,Steven Atkinson,stephanie91@example.com
M504,William Perez,olittle@example.com
M504,Lauren Hall,ebanks@example.net
M504,Kristina Baker,brittanywoods@example.com
M504,Jonathan Long,melissa04@example.org
M504,Brian Baker,russellregina@example.com
M524,Erica Terry,hillcharles@example.net
M524,Gary Bell,avilapeter@example.org
M524,Bernard Brooks,svaldez@example.com
M524,Karina Williams,peter35@example.com
M528,Gary Acevedo,hughesstephanie@example.org
M529,Lori Schwartz,emmaryan@example.com
M536,Richard Clay,smiller@example.org
M536,Christina Waters,wrightalan@example.com
M536,Melissa Wright,briggschristopher@example.com
M536,Adam Boyd,marshkyle@example.net
M537,Joann Guerrero,fgrant@example.com
M541,Maria Ellis,justin39@example.com
M542,Nichole Rogers,carrie16@example.org
M542,Susan Gentry,youngconnie@example.net
M542,Willie Lutz,bjacobson@example.com
M542,Pamela Hernandez,mwright@example.net
M542,Matthew Phillips,gonzalezkyle@example.org
M543,Katherine Cruz,vrodriguez@example.org
M550,Lisa Williams,acurtis@example.net
M553,Jimmy Moore,louis11@example.org
M553,Tyler Nelson,collinswilliam@example.com
M554,Daniel Shah,danielthornton@example.net
M554,Randy Yang,nwolfe@example.com
M554,James Wilson,ramospatrick@example.com
M554,Frank Phillips,laurasanders@example.net
M557,Kimberly Chapman,kevin13@example.com
M557,Charles Tapia,langwilliam@example.org
M557,Pamela Petersen,khanjoe@example.com
M559,Donna Lynch,jacqueline32@example.org
M561,John Davis,timothydawson@example.org
M561,Paul Nelson,jameskirk@example.com
M561,Brandon Ray,dawn42@example.net
M564,Angela Owens,keithmccormick@example.net
M564,Alyssa Allen,cnunez@example.com
M564,Scott Lucas,sonya29@example.net
M564,Tyler King,terricalhoun@example.net
M564,Kaitlyn Schneider,thomasmary@example.net
M570,Michael Brown,kristen33@example.net
M570,David Knox,daniel68@example.org
M570,Crystal Miller,navarrojason@example.org
M572,Gina Schultz,fgreene@example.org
M572,Rachel Webb,grantjohnson@example.org
M572,Theodore Smith,stevenalexander@example.com
M572,James Butler,cbrown@example.net
M572,Steven Collins,patricia24@example.org
M583,Jennifer Dominguez,lewisjoseph@example.com
M586,Amanda Sandoval,ramirezjoshua@example.com
M586,Jeffrey Lawson,shane10@example.net
M586,Connie Owens,jgreen@example.com
M586,Ivan Swanson,brandonoliver@example.net
M589,Michael Oconnor,nshea@example.net
M589,Bethany Cooke,acostajonathan@example.com
M589,Tyler Camacho,alec08@example.com
M589,Francisco Hardy,jefferyboone@example.org
M589,Jerry Merritt,douglas09@example.org
M599,Mary Torres,rachel76@example.com
M599,Tamara Stevens,alexandradunlap@example.com
M599,Rebekah Jones,kim11@example.net
M600,Amanda Patel,lawrencecuevas@example.com
M600,Alexandra Ayala,michelle84@example.net
M601,Ryan Barrera,jacquelineellis@example.com
M601,Lisa Rogers,mrowland@example.com
M601,Jennifer Russell,wilsonerika@example.org
M601,Lisa Crane,carolinebrown@example.net
M601,Austin Serrano,kwilliams@example.org
M605,Joseph Wilson,brandonkirby@example.com
M607,Alisha Lynch,jessicasoto@example.org
M607,Dawn Zimmerman,bentonsherri@example.net
M607,Jenna Bray,jeffrey64@example.com
M607,Jose Terry,wilsonrichard@example.net
M608,Kimberly Bowman,ashleyellis@example.com
M608,Kathryn Wang,robin85@example.org
M608,Roger Nelson,whitney56@example.com
M608,Dana Horton,juliagonzalez@example.org
M608,Kathy Williams,ojennings@example.org
M609,Richard Baker,ngill@example.com
M614,Joshua Fox,reedlatoya@example.net
M614,Jeremiah Turner,teresa51@example.com
M614,Jennifer Cruz,kaisermichael@example.org
M614,Eric Clark,antoniofisher@example.net
M614,Lori Butler,thomas09@example.com
M616,Katherine King,hernandezbobby@example.org
M616,Jennifer Wagner,osanders@example.com
M616,Robert Berry,vlewis@example.net
M619,Joel Griffin,jessebecker@example.com
M619,Kevin Smith,amanda36@example.org
M619,Susan Lee,michellewood@example.com
M619,Kelsey Jones,josephmacias@example.net
M623,James Ward,vvargas@example.com
M626,Randall Holmes,valenzuelavicki@example.org
M627,Whitney Barnett,mitchellthomas@example.net
M628,Austin Moran,rrodriguez@example.org
M632,Todd Kim,jimmygibson@example.com
M632,Jason Marsh,johnmathews@example.com
M634,Gregory Holt,luisbennett@example.com
M634,Sandra Garcia,ncrosby@example.com
M634,Teresa Robertson,christopher54@example.org
M641,Sarah Phillips,kristinallen@example.com
M641,Dr. Christine,eatonchristopher@example.org
M642,Kelsey Ortega,adam16@example.org
M642,Kara Tyler,evelyngonzalez@example.org
M642,Keith Phillips,ngonzalez@example.org
M642,Mary White,gregorynelson@example.net
M661,Adrian Brown,amanda64@example.com
M661,Heather Brooks,gouldchad@example.org
M667,Natalie White,jilljones@example.net
M667,Jesse Brown,calhounlarry@example.org
M679,Daniel Stuart,tuckerbrittany@example.org
M679,Larry Morgan,zlawrence@example.com
M679,John Cooper,john89@example.com
M679,Jasmine Ramirez,heatherbailey@example.org
M679,Carlos Kirk,ymurray@example.org
M690,Daniel Wilson,kimberly04@example.com
M693,Rodney Wiley,katherine95@example.com
M693,Katherine Hines,heatherrosales@example.com
M693,Sarah Ray,jacksondiana@example.com
M693,Michael Livingston,jamiesingleton@example.net
M693,Heather Washington,sreilly@example.com
M695,Jacob Wells,flynndiane@example.net
M695,Louis Strickland,yanderson@example.org
M699,Jeffrey Gomez,ipotter@example.org
M700,Yvonne Garcia,johngutierrez@example.com
M700,Rodney Green,jamesrogers@example.org
M700,Jeffery Conley,jeffrey02@example.org
M700,Jonathan Green,rodneygarner@example.org
M700,Donald Martinez,uponce@example.com
M704,Jacqueline Johnson,clarencemays@example.net
M704,Donna Campbell,tdennis@example.com
M704,Courtney Weaver,gordonjoy@example.net
M705,Eric Richards,adambarnes@example.net
M705,Rebecca Harris,madison48@example.com
M705,Randall Carlson,tjohnson@example.org
M705,Todd Moreno,ibriggs@example.org
M706,John Young,dwilliams@example.net
M706,Christopher Dean,brendahendricks@example.com
M707,Marc Swanson,boyeredgar@example.net
M707,Alexandra Castaneda,jessica07@example.org
M707,Sara Thomas,gerald13@example.net
M717,Jeremy Byrd,steven22@example.com
M717,Mark Jordan,craig10@example.com
M717,Kelly Howard,bondvanessa@example.com
M720,Diana Thompson,jimmy48@example.net
M726,Michelle Harrison,sloanfrances@example.org
M726,Norman Cruz,ggonzalez@example.org
M726,Peter Jordan,ethan20@example.net
M726,Kevin Combs,dkhan@example.org
M733,Robert Jenkins,johnmann@example.com
M733,Austin Wells,ctaylor@example.com
M733,Ann White,blakedavid@example.net
M733,Connie Kramer,eneal@example.org
M736,Mark Decker,thomaschristine@example.net
M736,Natasha Sparks,josephbryant@example.com
M736,Briana Williamson,davidsonstacey@example.org
M736,Steven Schultz,michaelsimmons@example.com
M736,Jay Odonnell,ecosta@example.com
M752,Heather Bates,smithmelvin@example.org
M752,Natalie Hammond,klong@example.net
M752,Mario Walsh,tracy82@example.org
M752,Sean Esparza,fscott@example.com
M752,Cody Everett,michelle12@example.com
M754,Jonathan Sims,sanchezwilliam@example.com
M754,Hannah Nelson,rachel00@example.com
M754,William Nunez,burtonsamantha@example.org
M754,Dr. Karen,allison46@example.com
M754,James Hall,uhughes@example.com
M769,Shannon Mcdaniel,colleenmills@example.org
M770,Stephen Thompson,michael17@example.net
M773,Michelle Melton,collinstammy@example.net
M773,Raymond Robertson,acevedocasey@example.com
M773,Crystal Gonzalez,whawkins@example.org
M773,Carol Palmer,carolyncampbell@example.org
M774,Terry Owens,billyvaldez@example.net
M774,Larry Benson,justin92@example.org
M774,Angelica Gates,khernandez@example.org
M774,Robert James,tammie21@example.com
M774,Patricia Weeks,ulopez@example.net
M775,Mark Wolfe,tmack@example.com
M775,Jordan Parker,mackenziedalton@example.org
M776,Christopher Price,bryantrachael@example.org
M778,Jorge Conrad,oyang@example.org
M795,William Adams,adkinsjennifer@example.com
M795,Ann Hart,jeffreysmith@example.com
M795,Bradley Riley,michael20@example.org
M795,Spencer White,oray@example.com
M799,Sarah Garza,sarah50@example.com
M799,Stephanie Rojas,hannahdavis@example.org
M799,Tommy Robertson,emily73@example.org
M799,Wanda Mckinney,james73@example.net
M799,Renee Nelson,sara60@example.com
M800,David Johns,stevenbaker@example.com
M800,Daniel Snyder,dayandres@example.org
M800,Heather Evans,jessemccoy@example.org
M800,Michael Martinez,osuarez@example.com
M802,Beverly Arnold,cardenaschad@example.net
M802,Brian Nguyen,david34@example.net
M807,Bryan Melton,whitney52@example.org
M807,Laura Richardson,jdouglas@example.net
M807,Robert Moore,martin59@example.net
M807,Mrs. Briana,mhall@example.com
M816,Matthew Harvey,alexander07@example.net
M816,Jessica Crawford,melissataylor@example.org
M818,John Evans,adamsronald@example.org
M818,Raymond Robertson,acevedocasey@example.com
M818,Rebecca Castillo,johnharris@example.org
M818,Kari Lozano,hufffrederick@example.com
M818,Stacy Jones,bdavis@example.net
M822,Joseph Woods,briana68@example.net
M822,Russell Edwards,lisa58@example.net
M826,Mike Keller,fnichols@example.org
M826,Jennifer Barnett,hkhan@example.com
M826,Scott Gentry,anthony32@example.net
M826,Billy Fisher,phillipesparza@example.com
M835,Tracy Moore,perezteresa@example.org
M835,Brittany Baldwin,arobinson@example.com
M835,Chad Jackson,deanangela@example.net
M835,Danielle Lewis,garywalls@example.net
M837,William Perkins,jasonwilliamson@example.net
M837,Michelle Shepard,smithleroy@example.org
M837,Tammy Benitez,ierickson@example.org
M857,Jennifer Perkins,ugrimes@example.com
M857,Jennifer Hernandez,andradematthew@example.net
M857,Veronica Ray,oliverbrandon@example.net
M857,Daniel Torres,gibsonashley@example.org
M860,Darryl Ward,trujillokevin@example.net
M860,Drew Jones,danielsdavid@example.com
M866,Amanda Krause,brandon09@example.org
M866,Jacob Everett,zlee@example.com
M866,Kristi Hill,jeremylambert@example.net
M876,Kelsey Nguyen,kevinmurray@example.org
M877,Andrea Smith,renee27@example.org
M878,Larry Tran,hoamber@example.com
M878,Karla Hart,lewisvictor@example.org
M885,Tyler Walter,olsonmary@example.net
M885,Larry Mathews,richardgutierrez@example.com
M885,Jessica Contreras,annettegrant@example.net
M885,Rodney Parsons,bsanchez@example.net
M894,Diane Conley,robertobrooks@example.org
M901,Edward Wilson,williamsaaron@example.net
M901,Joanna Friedman,colton84@example.org
M901,Elizabeth Allen,allisonsuarez@example.com
M908,Casey Scott,francisco55@example.org
M908,Lisa Nguyen,gonzalezbilly@example.net
M908,Samuel Hicks,carlsonmario@example.com
M908,Nathaniel Herring,summersheather@example.com
M909,Angela Rodriguez,james82@example.com
M909,Joshua Mitchell,anthonyanderson@example.com
M909,Jennifer Miller,jeremiahsmith@example.net
M909,Christopher Sheppard,twall@example.net
M912,Donald Campos,bryan49@example.org
M912,Mary Huff,taylor72@example.org
M912,Shannon Fowler,kaguilar@example.org
M912,Scott Gordon,gregorymartinez@example.org
M912,Cory Moore,weavermegan@example.com
M917,Allen Villa,felicia28@example.com
M925,Sarah Hines,claymatthew@example.org
M925,Kristen Dean,halllaura@example.net
M925,Tina Fischer,trodriguez@example.com
M925,Donna Miranda,richardgomez@example.net
M925,Alexis Vincent,michael97@example.org
M926,Shelly Davis,marcfischer@example.com
M926,Michelle Hess,lisaschultz@example.com
M926,Amanda Marshall,judy22@example.com
M926,Charles Anderson,hdelgado@example.net
M926,Andrew Hobbs,keithle@example.net
M927,Dr. Ryan,kenneth02@example.org
M927,Nathaniel Nelson,webbdavid@example.com
M927,Joshua Finley,tonyaneal@example.com
M931,Edward Hatfield,davidbrown@example.net
M932,Jeffery Daniels,zacharywilliams@example.net
M932,John Smith,jordanmonica@example.net
M932,Stephanie Bailey,tylerbooth@example.com
M932,Scott Crawford,janet98@example.net
M932,Karen Williams,natashabowers@example.org
M934,Victoria Holland,archerjoseph@example.com
M934,Paul Robinson,susansmith@example.net
M934,Rodney Bowman,griffinjohn@example.net
M934,Eric Daniel,holmesdennis@example.net
M934,Zachary Monroe,colecody@example.net
M947,Tamara Lucero,amber92@example.net
M947,Cindy Smith,nunezbenjamin@example.com
M947,James Barajas,browndavid@example.com
M947,Martin Barnes,daniel93@example.org
M947,Shannon Young,robert60@example.org
M951,Ashley Henry,james93@example.com
M951,Steven Hooper,jharmon@example.com
M951,Sarah Wall,vincentwheeler@example.com
M951,William Davis,dylan82@example.net
M951,Amanda Robertson,usmith@example.org
M962,Christopher Sandoval,antonio54@example.com
M962,Debra Garrett,ashleyjohnston@example.com
M962,Amanda Park,reynoldslauren@example.net
M962,Steven Moore,becky94@example.net
M964,Peter James,pbarnes@example.com
M964,Robin Nguyen,cervanteseric@example.net
M978,Danielle Rogers,frodriguez@example.org
M978,Samantha Mason,debrabailey@example.org
M982,Thomas Butler,wilsonangela@example.net
M985,Sandy Hansen,reynoldskendra@example.com
M985,Diamond Chapman,skinnercourtney@example.com
M985,Suzanne Wallace,nstone@example.org
M990,Debra Tate,gjones@example.org
M996,Warren Maddox,mgarcia@example.net
M996,Samantha Ball,joseph29@example.com
