name,email,completed,missing,progress
Christopher Smith,ehall@example.net,1,0,100
Andrew Hobbs,keithle@example.net,1,0,100
Cory Ware,kayla29@example.com,1,0,100
Brandon Reynolds,katherineterry@example.net,1,0,100
Clifford Medina,shawn01@example.net,1,0,100
Mr. Colin,ellen86@example.net,1,0,100
Michael Smith,jefftaylor@example.net,1,0,100
Christopher Hughes,reedashley@example.org,1,0,100
Erica Smith,dgreen@example.com,1,0,100
Kathy Hernandez,christopherhall@example.com,1,0,100
Justin Schroeder,xlewis@example.com,1,0,100
Katie Cohen,brandy37@example.com,1,0,100
Renee Dudley,robertsonjordan@example.com,1,0,100
Daniel Dunn,elizabethharrison@example.net,1,0,100
Mark Williams,lindahernandez@example.org,1,0,100
Eric Benitez,joshua32@example.net,1,0,100
Rachel Weber,nmurphy@example.org,1,0,100
Michael Craig,melissawilkinson@example.net,1,0,100
Michael Howell,janicemccarty@example.org,1,0,100
Brittney Wilkinson,matthew43@example.net,1,0,100
Gregory Garcia,rallen@example.org,1,0,100
Nicholas Doyle,ysingh@example.org,1,0,100
Stephen Martinez,guybrown@example.net,1,0,100
Jesse Smith,cedwards@example.com,1,0,100
Richard Castro,terrellkelsey@example.net,1,0,100
Teresa Robertson,christopher54@example.org,1,0,100
Chad Cruz,hsilva@example.org,1,0,100
Patricia Evans,adammiller@example.org,1,0,100
Patricia Jackson,james56@example.org,1,0,100
Mrs. Chelsea,thomasolsen@example.com,1,0,100
Kelsey Williams,gpatel@example.com,1,0,100
Christopher Gonzalez,carrollkatherine@example.org,1,0,100
Brad Foster,alexandramorris@example.com,1,0,100
Douglas Ruiz,michelle69@example.net,1,0,100
Madison Williams,cjones@example.com,1,0,100
Linda Best,imichael@example.org,1,0,100
Timothy Wilson,llane@example.net,1,0,100
Patricia Olson,xdixon@example.org,1,0,100
John Walters,travisliu@example.com,1,0,100
Tiffany Hoffman,arthur15@example.com,1,0,100
Frederick Williams,robert48@example.org,1,0,100
Michelle Peters,mwilliams@example.com,1,0,100
Kathryn Vang,jane15@example.com,1,0,100
Heather Gonzalez,phamilton@example.org,1,0,100
Daniel Black,molly78@example.net,1,0,100
David Keller,martin04@example.net,1,0,100
Morgan Choi,keithmiller@example.org,1,0,100
Regina Hernandez,gatesalison@example.org,1,0,100
Ann Greene,ihayes@example.net,1,0,100
Cynthia Marshall,samuellang@example.net,1,0,100
Charles Jones,robertsthomas@example.com,1,0,100
Charles Mason,nshields@example.net,1,0,100
Valerie Nguyen,nferguson@example.com,1,0,100
Randy Schwartz,diazernest@example.org,1,0,100
Ronald Jackson,audreypowell@example.org,1,0,100
Faith Ferrell,dianejones@example.com,1,0,100
Tamara Simon,james93@example.com,1,0,100
Sierra Williams,lharris@example.com,1,0,100
Jaime Gaines,jennifer13@example.net,1,0,100
Jamie Larson,stephanierogers@example.net,1,0,100
Jonathan Delacruz,williamsjohn@example.org,1,0,100
Karen Clay,nwatkins@example.com,1,0,100
Laurie Klein,isabel67@example.net,1,0,100
Tara Davis,matthewwells@example.com,1,0,100
Vanessa Anderson,leegarcia@example.com,1,0,100
Monique Wallace,donnascott@example.org,1,0,100
Brandon Key,harry39@example.com,1,0,100
Kristen Turner,kdawson@example.org,1,0,100
Robert Porter,frederickflores@example.net,1,0,100
Jessica Gonzales,rlee@example.org,1,0,100
Martin Barnes,daniel93@example.org,1,0,100
Jacob Hall,beth66@example.net,1,0,100
John Jackson,kristenlittle@example.com,1,0,100
Gail Jones,alan89@example.com,1,0,100
Aaron Carroll,edward69@example.com,1,0,100
Kelly Richards,ryanbarnes@example.org,1,0,100
Debbie Blair,ogarcia@example.org,1,0,100
Tina Bridges,kcox@example.org,1,0,100
Kayla Reyes,hoffmannichole@example.org,1,0,100
Luis Archer,christineday@example.com,1,0,100
Alex George,willie89@example.net,1,0,100
Peggy Rodriguez,coxtheresa@example.org,1,0,100
Dennis Salazar,stephaniemckay@example.org,1,0,100
Angelica Lopez,mariocannon@example.com,1,0,100
Jon Cabrera,ashleyhawkins@example.org,1,0,100
Patrick Davidson,andrewhill@example.com,1,0,100
Sandra Archer,manderson@example.net,1,0,100
Melanie Davis,vbautista@example.org,1,0,100
Miranda Terry,matthew73@example.com,1,0,100
Lisa Taylor,howardbarr@example.net,1,0,100
Shane Fischer,jennifergonzalez@example.net,1,0,100
Phyllis Salas,lucerodavid@example.net,1,0,100
Shawn Kerr,kellyanderson@example.com,1,0,100
Tyler Smith,jesse95@example.com,1,0,100
Jessica Gomez,slewis@example.org,1,0,100
Felicia Miller,thomas74@example.org,1,0,100
Benjamin Edwards,clarkmichael@example.org,1,0,100
Heather Carter,twilson@example.com,1,0,100
Janet Diaz,pwilliams@example.net,1,0,100
Julie Wallace,vthompson@example.com,1,0,100
Mary Gonzales,nrosales@example.com,1,0,100
Jennifer Roth,jenniferandrews@example.net,1,0,100
Ann Flores,nhartman@example.org,1,0,100
Mary Torres,rachel76@example.com,1,0,100
Randall Martin,vduncan@example.org,1,0,100
Shannon Green,marshallmonique@example.com,1,0,100
Adam Young,jamie76@example.net,1,0,100
Kevin Porter,emily96@example.com,1,0,100
Daniel Larson,matthew11@example.com,1,0,100
Ricky Hampton,jonesrachel@example.org,1,0,100
Melanie Lester,mckenziemelissa@example.com,1,0,100
Yvette Barnett,jennifertorres@example.net,1,0,100
Bradley Armstrong,cisnerosjohn@example.net,1,0,100
Courtney Martin,mcrane@example.com,1,0,100
Alex Johnson,smay@example.com,1,0,100
Hannah Flores,erika82@example.org,1,0,100
Eric Powell,reginald49@example.net,1,0,100
Rachel Larson,michael72@example.net,1,0,100
Jerry Villa,alexis93@example.com,1,0,100
Brian Miller,william06@example.org,1,0,100
Jeremy Gill,ghouston@example.net,1,0,100
John Wiggins,wallacetaylor@example.org,1,0,100
Michelle Melton,collinstammy@example.net,1,0,100
Donald Sanchez,lesliemorales@example.net,1,0,100
Julie Fields,sara32@example.net,1,0,100
John Johnson,brandonortega@example.net,1,0,100
Christopher Barrett,jessicahall@example.org,1,0,100
Kathleen Johnston,wilsonmichelle@example.net,1,0,100
Joseph Case,brett74@example.net,1,0,100
Michelle Melton,collinstammy@example.net,1,0,100
Jared Larson,morenoarthur@example.net,1,0,100
Rebecca Williams,melissa82@example.net,1,0,100
Dr. James,sharon85@example.net,1,0,100
Anthony Thomas,harrisonashley@example.org,1,0,100
Sara Mcpherson,donald55@example.org,1,0,100
Jesse Donaldson,williamschroeder@example.net,1,0,100
Jennifer Johnson,ljackson@example.net,1,0,100
Jonathan Watson,hjones@example.net,1,0,100
Richard Blankenship,evansrobert@example.org,1,0,100
Joseph Miles,marymalone@example.org,1,0,100
Julia Dennis,myoung@example.net,1,0,100
Vincent Campbell,jenniferhernandez@example.net,1,0,100
Nicholas Kennedy,lynchteresa@example.org,1,0,100
Tommy Robertson,emily73@example.org,1,0,100
Amber Alvarez,susan67@example.net,1,0,100
Amanda Payne,mccoydebbie@example.org,1,0,100
Katherine Barnes,dholmes@example.org,1,0,100
Megan Hernandez,hillyvonne@example.com,1,0,100
Melissa Wilson,mcleannicholas@example.net,1,0,100
Jessica Smith,jerryvazquez@example.org,1,0,100
Julie Ellis,michaelsnyder@example.net,1,0,100
William Briggs,laurawells@example.org,1,0,100
William Perkins,jasonwilliamson@example.net,1,0,100
Sarah Owen,riggsjohn@example.org,1,0,100
Michael Villarreal,maxwelleric@example.net,1,0,100
Kimberly Marshall,derekschneider@example.com,1,0,100
Anne Cox,jasonharris@example.org,1,0,100
Johnny Bartlett,christopher36@example.org,1,0,100
Katie Williams,antonio68@example.net,1,0,100
Amanda Terry,westrada@example.net,1,0,100
Jaime Brown,reidmichael@example.org,1,0,100
Brian Hawkins,hopkinsdeborah@example.com,1,0,100
Jason Martinez,kristenholland@example.org,1,0,100
April Sharp,ramosvirginia@example.com,1,0,100
Richard Mcconnell,jeremiah38@example.com,1,0,100
Heather Odom,esalas@example.org,1,0,100
Lorraine Schroeder,danielhines@example.net,1,0,100
Shelley Rhodes,johnsanders@example.org,1,0,100
Priscilla Jones,wknight@example.net,1,0,100
Michael Walton,william59@example.org,1,0,100
Brandon Foster,nedwards@example.net,1,0,100
Heather Brooks,gouldchad@example.org,1,0,100
Shannon Mckenzie,zunigaterrance@example.com,1,0,100
Ethan Lewis,jared22@example.net,1,0,100
Sydney Carter,sharonprice@example.com,1,0,100
Mark Chapman,warejared@example.net,1,0,100
Kelly Rodriguez,olsonmatthew@example.org,1,0,100
Erin Reyes,peter59@example.org,1,0,100
Keith Davis,janice89@example.net,1,0,100
Christine Herrera,rebecca30@example.com,1,0,100
Bradley Williams,lambertjeffrey@example.net,1,0,100
Jessica Wheeler,webbmark@example.com,1,0,100
Julia Jones,jennifersmith@example.com,1,0,100
Christopher Brooks,eringill@example.com,1,0,100
Joyce Avery,james85@example.net,1,0,100
Edward Schultz,echandler@example.net,1,0,100
Roy Colon,emma58@example.net,1,0,100
Christina Burton,sharonmayo@example.org,1,0,100
Randall Martin,vduncan@example.org,1,0,100
James Perez,maria12@example.org,1,0,100
Corey Reese,rodgersthomas@example.com,1,0,100
April Boyd,vjohnston@example.com,1,0,100
Thomas Vasquez,dchristian@example.com,1,0,100
Dana Peterson,andrew68@example.org,1,0,100
Brandon King,parksbrittany@example.org,1,0,100
Justin Schroeder,xlewis@example.com,1,0,100
Donald Snyder,twright@example.com,1,0,100
Steven Martin,charles29@example.com,1,0,100
Gina Zimmerman,marilynnelson@example.org,1,0,100
Scott White,brookekidd@example.org,1,0,100
James Smith,melissarogers@example.com,1,0,100
Samantha Villarreal,adamsshane@example.org,1,0,100
Leslie Mejia,meganmcguire@example.net,1,0,100
Angel Kane,jocelynweeks@example.net,1,0,100
Brittany Hart,pgarcia@example.net,1,0,100
John Crawford,krystal23@example.org,1,0,100
David Johnson,baileyjonathan@example.com,1,0,100
Craig Costa,lisamcbride@example.com,1,0,100
Peter Dixon,gonzalezalicia@example.net,1,0,100
Christopher Gray,nicolevaughn@example.org,1,0,100
Ronald Jones,harrisonmadison@example.com,1,0,100
Thomas Lee,davidperry@example.org,1,0,100
John Wilson,hardyrobert@example.org,1,0,100
Victoria Sherman,keith55@example.com,1,0,100
Mary Stafford,jdodson@example.net,1,0,100
Katherine Vaughn,megan43@example.com,1,0,100
Aaron Barnett,robinsonsamantha@example.org,1,0,100
Jacob Craig,vbowman@example.net,1,0,100
Lindsay Andrews,bsmith@example.com,1,0,100
Victoria Kim,gjoyce@example.net,1,0,100
Christopher Williams,mitchellsarah@example.net,1,0,100
Jeanette Delgado,mjackson@example.net,1,0,100
Shelia Oconnell,carolynpeck@example.com,1,0,100
Robin Sanders,edavenport@example.com,1,0,100
Peter Gonzalez,tonyporter@example.org,1,0,100
James Short,rachelespinoza@example.org,1,0,100
Jerry Merritt,douglas09@example.org,1,0,100
Crystal Miller,navarrojason@example.org,1,0,100
Kimberly Bowman,ashleyellis@example.com,1,0,100
Curtis Stevens,yanderson@example.org,1,0,100
Jason Castro,michaelhowe@example.com,1,0,100
Melanie Johnson,lisa54@example.net,1,0,100
George Austin,jenniferbyrd@example.com,1,0,100
Raymond Watson,stephen93@example.net,1,0,100
Jacqueline Chapman,gina20@example.net,1,0,100
Paul Elliott,darrencraig@example.org,1,0,100
Mr. Sergio,osborntravis@example.net,1,0,100
Cynthia Pena,kbeck@example.net,1,0,100
Thomas Rowe,mcarey@example.net,1,0,100
Megan Lee,justin69@example.org,1,0,100
Jeffrey Larsen,deborahnelson@example.com,1,0,100
Jason Johnson,lgray@example.org,1,0,100
Keith Rogers,andrew30@example.com,1,0,100
Michael Walker,sara52@example.net,1,0,100
Corey Simmons,michael81@example.org,1,0,100
Lori Day,shellyburke@example.org,1,0,100
Scott Brown,zyoung@example.org,1,0,100
Randall Martin,vduncan@example.org,1,0,100
Dr. Christopher,nancywatson@example.org,1,0,100
Stephen Johnson,melissa50@example.com,1,0,100
Crystal Webb,wagnercrystal@example.com,1,0,100
Carly Brown,selena56@example.net,1,0,100
Robert Cantrell,reedstephen@example.com,1,0,100
Justin Moore,igilmore@example.com,1,0,100
Richard Leonard,jamie62@example.net,1,0,100
Thomas Parks,xparker@example.org,1,0,100
Sheila Durham,cynthia81@example.org,1,0,100
Cory Rivas,nwilson@example.org,1,0,100
David Stephens,bryanmitchell@example.org,1,0,100
Jesse Carrillo,owilliams@example.com,1,0,100
Daniel King,samantharogers@example.net,1,0,100
Kenneth Garcia,dcunningham@example.com,1,0,100
Vincent Yang,umorris@example.net,1,0,100
Alejandro Smith,mgaines@example.com,1,0,100
Peter Horton,qdaniels@example.com,1,0,100
Michael Lopez,jaredstone@example.net,1,0,100
Christina Garrett,ojohnson@example.net,1,0,100
Christopher Middleton,michele45@example.org,1,0,100
Kyle Moses,jbonilla@example.net,1,0,100
Richard Leonard,grimesgregory@example.org,1,0,100
Samantha Preston,cameron55@example.com,1,0,100
Robert Cunningham,patelandrew@example.net,1,0,100
Jose Murphy,gregory41@example.com,1,0,100
Brenda Perry,tking@example.net,1,0,100
Benjamin Taylor,kaitlynjones@example.org,1,0,100
Marc Martinez,cobbchristina@example.org,1,0,100
Casey Yang,kenneth44@example.org,1,0,100
Mary Collins,qrangel@example.com,1,0,100
Jacqueline Sanders,unelson@example.net,1,0,100
Luis Mitchell,hjordan@example.com,1,0,100
Brian Palmer,watsonmelissa@example.org,1,0,100
Karla Ochoa,margaretanderson@example.net,1,0,100
Miss Emily,williamwright@example.org,1,0,100
Daniel Johnson,michele64@example.com,1,0,100
Richard Mann,inguyen@example.org,1,0,100
Lauren Thompson,ibradford@example.com,1,0,100
Lori Wilson,eric24@example.org,1,0,100
Richard Rogers,christine24@example.net,1,0,100
Mrs. Sarah,marc44@example.org,1,0,100
Lori Reed,reevesjeremy@example.org,1,0,100
Shelly Flowers,latoyamayer@example.net,1,0,100
Rhonda Escobar,swilson@example.net,1,0,100
Jason Rodriguez,tlewis@example.com,1,0,100
Jennifer Lynch,hector26@example.org,1,0,100
Tiffany Miller,robinwalker@example.net,1,0,100
Gina Zimmerman,marilynnelson@example.org,1,0,100
Jose Peters,campbellmichael@example.org,1,0,100
Yvonne Smith,jonathan60@example.com,1,0,100
James Payne,smithdanielle@example.org,1,0,100
Carl Ward,aguirreeric@example.net,1,0,100
Kathryn Davis,rmyers@example.com,1,0,100
Kathryn Deleon,phelpsanthony@example.org,1,0,100
Amber Eaton,rflynn@example.com,1,0,100
Barry Padilla,steingabriela@example.org,1,0,100
Levi Jackson,xluna@example.com,1,0,100
Jacob Hodges,jessicalopez@example.net,1,0,100
Julie Wallace,paulayoung@example.net,1,0,100
Kayla Flowers,joan08@example.org,1,0,100
Julia Moss,jonathangreen@example.com,1,0,100
Thomas Harmon,roymiller@example.org,1,0,100
Tammy Benitez,ierickson@example.org,1,0,100
James Rivera,dominiquebarker@example.org,1,0,100
Christopher Diaz,marcus16@example.com,1,0,100
Roger Kent,desireepeterson@example.com,1,0,100
Kristen Hansen,jasmine79@example.com,1,0,100
Amanda Smith,tammykelly@example.net,1,0,100
James Short,rachelespinoza@example.org,1,0,100
Jennifer Villarreal,kennedyjillian@example.com,1,0,100
John Gibson,grahamtheresa@example.com,1,0,100
Taylor Matthews,blake56@example.com,1,0,100
Nicole Hughes,jmoyer@example.org,1,0,100
Tyler Nelson,collinswilliam@example.com,1,0,100
Michael Watkins,martinnicholas@example.org,1,0,100
Shari Jackson,mcclurechristine@example.net,1,0,100
Mike Stevens,kenneth94@example.org,1,0,100
Zachary Mullen,justinperez@example.org,1,0,100
Melanie Castro,drodriguez@example.net,1,0,100
Matthew Ward,justinstokes@example.net,1,0,100
Amanda Oliver,leevincent@example.net,1,0,100
Kyle Bentley,katelyncox@example.org,1,0,100
Matthew Hatfield,parsonsjoseph@example.com,1,0,100
Christopher Gonzalez,emily76@example.com,1,0,100
Stephen Haas,nicholas79@example.org,1,0,100
Eric Riley,ldiaz@example.org,1,0,100
Jessica Hall,bowmansamuel@example.org,1,0,100
Anthony Johnson,anthony19@example.org,1,0,100
Logan Smith,crystal84@example.com,1,0,100
Alec Crawford,campbellricky@example.net,1,0,100
Aaron Parker,lynnmitchell@example.com,1,0,100
Steven Hooper,jharmon@example.com,1,0,100
Colin Braun,aaron52@example.com,1,0,100
Ashley Martin,mmartinez@example.org,1,0,100
Matthew Hatfield,parsonsjoseph@example.com,1,0,100
Grant Johnson,trandeborah@example.com,1,0,100
Alejandra Garrison,garrett27@example.org,1,0,100
Nathan Gilbert,margaret03@example.org,1,0,100
Michael Potts,michelle94@example.org,1,0,100
Jerry George,dannyshields@example.org,1,0,100
Nathan Moore,townsendjared@example.net,1,0,100
Christopher Mccoy,michaelbartlett@example.net,1,0,100
Chad Benson,crystalgood@example.com,1,0,100
Andrea Myers,ljones@example.org,1,0,100
Gregory Charles,yboyer@example.org,1,0,100
Tracey Cox,fmoody@example.com,1,0,100
Matthew Hughes,hannadaniel@example.com,1,0,100
William Murray,timothy26@example.org,1,0,100
Juan Stone,andersonjames@example.org,1,0,100
Natalie Whitney,jimblack@example.net,1,0,100
Christopher Stephens,michael08@example.com,1,0,100
Larry Willis,efields@example.com,1,0,100
Jeremy Roberson,dylan50@example.net,1,0,100
Edwin Leblanc,julia20@example.com,1,0,100
Jason Carlson,sweeneysean@example.net,1,0,100
Thomas Pineda,jonathanhill@example.org,1,0,100
Michael Vega,richardjones@example.org,1,0,100
Marissa Kim,shane26@example.com,1,0,100
Harry Scott,richardjohnson@example.org,1,0,100
Carla Merritt,lisasmith@example.net,1,0,100
Robert Knox,davidchristian@example.org,1,0,100
Christopher Dunn,andrewsamy@example.org,1,0,100
James Cisneros,ojohnson@example.org,1,0,100
Brittney Martinez,joshua01@example.net,1,0,100
Jacqueline Patton,ewalsh@example.com,1,0,100
Emma Salazar,leslie95@example.org,1,0,100
David Compton,ilee@example.org,1,0,100
Charles Rose,keith50@example.net,1,0,100
Sarah Adams,rojassteven@example.net,1,0,100
Michelle Woods,mary71@example.net,1,0,100
Kristopher Price,jimenezjon@example.com,1,0,100
Jeffrey Pacheco,drussell@example.org,1,0,100
Elizabeth Lester,timothy25@example.com,1,0,100
Andrew Flores,turneralejandro@example.net,1,0,100
Jeffrey Holland,petermoreno@example.com,1,0,100
Jason Ford,irandolph@example.org,1,0,100
Patrick Johnson,christophersosa@example.org,1,0,100
John White,jennifer38@example.net,1,0,100
Cory Brown,ganderson@example.org,1,0,100
Spencer Delgado,edixon@example.net,1,0,100
Nathaniel Hernandez,ychavez@example.net,1,0,100
Gabriel Thompson,qhall@example.org,1,0,100
Jennifer Kelly,christopher72@example.org,1,0,100
Raymond Stone,umoore@example.org,1,0,100
Donna Huynh,hartgina@example.net,1,0,100
Keith Davis,jefferymcclure@example.com,1,0,100
John Anderson,doughertycaleb@example.org,1,0,100
Sherry Spencer,elizabethlee@example.org,1,0,100
Paul Martin,andersondawn@example.com,1,0,100
Teresa Ellis,jenniferrobinson@example.org,1,0,100
Tracy Smith,jenniferwilliams@example.net,1,0,100
Zachary Mcguire,riley89@example.net,1,0,100
Sheena Brown,willie56@example.com,1,0,100
Christina Kim,travissmith@example.com,1,0,100
Beth Wilson,melanierobinson@example.org,1,0,100
Jessica Oconnor,jamesmurphy@example.com,1,0,100
Holly Riddle,hayesjeffrey@example.net,1,0,100
Abigail Diaz,lopezmaria@example.com,1,0,100
Samuel Daniel,mitchelljoshua@example.com,1,0,100
Sarah Wright,hendersonclaudia@example.org,1,0,100
Richard Francis,wilsontina@example.com,1,0,100
Phyllis Perez,amyballard@example.com,1,0,100
Sarah Walker,tinalozano@example.net,1,0,100
Darrell Brown,floresdevin@example.net,1,0,100
Lisa Nichols,eharmon@example.com,1,0,100
Scott Coleman,gonzalezjustin@example.net,1,0,100
Norman Flores,lpowell@example.net,1,0,100
Bailey Mcneil,adrianknox@example.net,1,0,100
Cindy Macias,jacob64@example.org,1,0,100
Mark Decker,thomaschristine@example.net,1,0,100
Terrance Richardson,joe30@example.org,1,0,100
Natalie Wilkerson,tonyavalencia@example.com,1,0,100
Brooke Taylor,perezlori@example.com,1,0,100
Mary Woods,johnsondawn@example.com,1,0,100
Shirley Davis,ronaldsimon@example.com,1,0,100
Renee Anderson,michealmunoz@example.org,1,0,100
Willie Lutz,bjacobson@example.com,1,0,100
Charlotte Wall,johnlewis@example.com,1,0,100
Julie Smith,hollymaldonado@example.org,1,0,100
Kristina Richards,alexandermendoza@example.com,1,0,100
Gina Zimmerman,marilynnelson@example.org,1,0,100
Katie Russell,caroline36@example.net,1,0,100
Brian Johnson,williamwarner@example.com,1,0,100
Jeremy Hill,melissawatson@example.net,1,0,100
Joshua Davis,jamessalinas@example.net,1,0,100
Michael Sanders,davisroberto@example.net,1,0,100
Joseph King,whitney94@example.net,1,0,100
Edward Miller,paulheather@example.com,1,0,100
Natalie Curtis,tracey47@example.org,1,0,100
Stephanie Wolf,erussell@example.com,1,0,100
Laura Roman,gcarroll@example.net,1,0,100
Debra Jordan,michaelbrown@example.org,1,0,100
Susan Jones,heatherfox@example.org,1,0,100
Scott Bird,gerald30@example.net,1,0,100
Tamara Stevens,alexandradunlap@example.com,1,0,100
Tamara Hartman,andrewthomas@example.net,1,0,100
Kevin Madden,salazardavid@example.com,1,0,100
Whitney Barnett,mitchellthomas@example.net,1,0,100
Richard Morris,jefferymckee@example.com,1,0,100
Jason Ramos,meyerjustin@example.org,1,0,100
Hayley Duncan,braunsandra@example.com,1,0,100
Jessica Garrison,roywilliams@example.net,1,0,100
Matthew Moore,hmelton@example.net,1,0,100
Angela Wyatt,adamwells@example.org,1,0,100
Jon Cabrera,ashleyhawkins@example.org,1,0,100
Shari Henry,cmcfarland@example.net,1,0,100
Jillian Patton,laura65@example.com,1,0,100
Megan Copeland,younglaura@example.org,1,0,100
Elizabeth Stevens,hannahhunter@example.org,1,0,100
Jared Young,meganlove@example.net,1,0,100
Whitney Barnett,mitchellthomas@example.net,1,0,100
Cassandra Wilson,jensenann@example.net,1,0,100
Lee Nguyen,richard54@example.com,1,0,100
Richard Gregory,rgaines@example.org,1,0,100
Pamela Wilson,dblankenship@example.com,1,0,100
Jessica Campbell,mmatthews@example.org,1,0,100
Randy Yang,nwolfe@example.com,1,0,100
David Murphy,dboyer@example.org,1,0,100
Mark Lloyd,richard58@example.org,1,0,100
Susan Keller,abrown@example.org,1,0,100
Charles Williams,williamssteven@example.org,1,0,100
Yvonne Sawyer,solomonmichelle@example.com,1,0,100
Andrew Cox,owang@example.org,1,0,100
Rachel Jones,soliskevin@example.com,1,0,100
Shannon Smith,georgegarcia@example.org,1,0,100
Ryan King,kimbrandon@example.org,1,0,100
Joshua Reyes,barbara54@example.org,1,0,100
Mary Collins,qrangel@example.com,1,0,100
Jo Turner,dkoch@example.org,1,0,100
Christopher Rodriguez,jennifer98@example.net,1,0,100
Mark Lawrence,fcardenas@example.com,1,0,100
James Jones,william45@example.org,1,0,100
Joseph Owens,castillosusan@example.org,1,0,100
Wesley Pearson,tracy18@example.net,1,0,100
Amanda Brady,iortega@example.net,1,0,100
Kristie Thomas,martinchristina@example.net,1,0,100
Michael Wells,fmorrow@example.com,1,0,100
Ryan Fields,gleon@example.org,1,0,100
Tiffany Miller,yjones@example.net,1,0,100
Pamela Harris,hornejesus@example.org,1,0,100
Justin Haynes,emma44@example.net,1,0,100
Larry Patterson,medinaashlee@example.net,1,0,100
Cody Montgomery,christine24@example.net,1,0,100
Jason Garcia,robin56@example.com,1,0,100
George Abbott,ksmith@example.com,1,0,100
Dr. Anthony,ksmith@example.org,1,0,100
Andrew Cook,mcdonaldrichard@example.org,1,0,100
Richard Espinoza,michael36@example.com,1,0,100
Margaret Mccann,mary17@example.org,1,0,100
Angela White,david89@example.net,1,0,100
Dawn Cabrera,gonzalezfrank@example.org,1,0,100
Christina Casey,kingbarbara@example.com,1,0,100
Susan Bond,ashleyward@example.com,1,0,100
Tara Roach,jonathanwright@example.net,1,0,100
Courtney Graves,kevin71@example.org,1,0,100
Kimberly Pena,megangeorge@example.org,1,0,100
Carly Ruiz,gonzalezmark@example.com,1,0,100
Carolyn Cook,elizabethsnyder@example.org,1,0,100
John Lyons,dford@example.org,1,0,100
Gloria Watson,watsonpatricia@example.org,1,0,100
Melissa Hall,taylor72@example.net,1,0,100
Misty Cox,simmonsjackson@example.net,1,0,100
Stephen Fox,alexandralester@example.org,1,0,100
William Ewing,zpetersen@example.org,1,0,100
Joseph Serrano,bryan52@example.com,1,0,100
Sheila Ingram,georgegarcia@example.net,1,0,100
Dalton Mcdowell,brandonbowman@example.org,1,0,100
Vincent Yang,umorris@example.net,1,0,100
Steven Edwards,jhunter@example.org,1,0,100
John Horn,courtneystevens@example.net,1,0,100
Jorge Gibson,charlesallen@example.net,1,0,100
Alicia Hicks,zimmermansamuel@example.net,1,0,100
William Holland,johncarey@example.com,1,0,100
Lindsay Bond,barkermelissa@example.com,1,0,100
Jennifer Franco,pklein@example.net,1,0,100
Stephanie Ellis,shieldschristine@example.com,1,0,100
Erin Stone,jonathancarpenter@example.com,1,0,100
Megan Ortiz,bvaughan@example.org,1,0,100
Kristina Liu,alyssa37@example.net,1,0,100
Vickie Carr,dannyjordan@example.com,1,0,100
Judy Williams,nicoleanderson@example.com,1,0,100
Mary Pitts,nicolesmith@example.com,1,0,100
Debra Cruz,haroldschneider@example.org,1,0,100
Amanda Kim,jacob76@example.com,1,0,100
Catherine Garrison,brandydonaldson@example.net,1,0,100
Donald Baker,markhaas@example.org,1,0,100
Sarah Martin,murraydebbie@example.org,1,0,100
Todd Todd,burkejonathan@example.net,1,0,100
Jeffrey Malone,susan16@example.com,1,0,100
Whitney Riggs,clarkjoshua@example.net,1,0,100
Brent Jackson,sanfordwilliam@example.net,1,0,100
Lynn Taylor,donna43@example.org,1,0,100
David Valenzuela,emily86@example.org,1,0,100
Heather Cruz,taraparker@example.net,1,0,100
Christopher Taylor,sierra78@example.com,1,0,100
Joshua Nash,lopezbrandon@example.com,1,0,100
Jason Browning,mary07@example.com,1,0,100
Shawn Hendrix,marksaunders@example.com,1,0,100
Stephanie Spencer,webbtiffany@example.org,1,0,100
Erin Hardin,psmith@example.net,1,0,100
Mary Griffith,adrienne62@example.com,1,0,100
Andrew Garner,jenkinseric@example.net,1,0,100
John Joseph,gbell@example.net,1,0,100
Steve Alvarez,oliverlindsey@example.org,1,0,100
Brian Green,jcalhoun@example.net,1,0,100
James Griffin,znixon@example.com,1,0,100
Brian Donovan,douglas69@example.net,1,0,100
Shane Fowler,morenojames@example.net,1,0,100
Rodney Green,jamesrogers@example.org,1,0,100
Brian Dunn,moorejeremy@example.org,1,0,100
Jose Simmons,justin38@example.com,1,0,100
Thomas Wang,cantrellchristopher@example.org,1,0,100
Nicholas Payne,ldouglas@example.org,1,0,100
James Woods,rebecca99@example.org,1,0,100
Brian Rivera,tina12@example.com,1,0,100
Eric Morgan,ischaefer@example.org,1,0,100
Natasha Gilbert,kwebb@example.com,1,0,100
Shane Green,phillipsroger@example.net,1,0,100
Rodney Dunn,monroeemily@example.com,1,0,100
Kyle Collins,ylewis@example.com,1,0,100
Jeffrey Gonzalez,zcaldwell@example.net,1,0,100
Kristi Hill,jeremylambert@example.net,1,0,100
Jacqueline Chapman,gina20@example.net,1,0,100
Gregory Watson,kristabaldwin@example.org,1,0,100
Tyler Blair,angela67@example.net,1,0,100
Abigail Vaughn,egarcia@example.org,1,0,100
Ricardo Morales,ejones@example.net,1,0,100
Ralph Robles,lesterdamon@example.org,1,0,100
Dr. Matthew,monica07@example.org,1,0,100
Emma Willis,kaisererika@example.com,1,0,100
Joanne Fletcher,phillipshaley@example.net,1,0,100
Ernest Fitzgerald,jennifer48@example.net,1,0,100
Angel Wood,jefferyhoover@example.net,1,0,100
Kenneth Swanson,carrbrady@example.com,1,0,100
Savannah Wilson,casey46@example.org,1,0,100
Mallory Hanson,jamespeterson@example.com,1,0,100
Brandon Kennedy,elizabeth00@example.com,1,0,100
Mary Gibson,perezcody@example.org,1,0,100
Casey Harris,meyersgina@example.com,1,0,100
Jennifer Camacho,alexander90@example.com,1,0,100
Robert Burke,wendyevans@example.net,1,0,100
Jeremiah Ashley,kristina99@example.org,1,0,100
Vanessa Porter,tparker@example.org,1,0,100
Jason Casey,ospencer@example.com,1,0,100
Sharon Montgomery,tmitchell@example.org,1,0,100
Omar Cummings,georgecorey@example.org,1,0,100
Raymond Rosales,uhardin@example.org,1,0,100
Sara Brown,molinachristine@example.com,1,0,100
Joshua Garcia,lcoleman@example.com,1,0,100
Jennifer Waters,alexandra71@example.net,1,0,100
Chris Martin,zalvarado@example.net,1,0,100
Timothy Williamson,karenhuber@example.net,1,0,100
Dale Richards,estone@example.com,1,0,100
Michael Warren,brandy10@example.net,1,0,100
Rick Davis,matthewrobinson@example.com,1,0,100
Dr. Raven,lucasanne@example.org,1,0,100
John Page,melissa33@example.net,1,0,100
Tanya Johnston,piercerichard@example.com,1,0,100
Brittany Kennedy,brittany34@example.net,1,0,100
James Dennis,angelavalenzuela@example.org,1,0,100
Tommy Hamilton,jesusmiller@example.com,1,0,100
Brittany Brown,zholt@example.net,1,0,100
Christopher Bell,brianjones@example.net,1,0,100
Michael Harris,georgesampson@example.com,1,0,100
Andrea Hines,weisscaitlin@example.org,1,0,100
Kathleen Bradley,smithjustin@example.org,1,0,100
Rachel Jackson,eugenegreen@example.com,1,0,100
Ashlee Scott,dennis15@example.org,1,0,100
Jared Clark,dylanhill@example.org,1,0,100
Sarah Morris,stephanieallen@example.net,1,0,100
Jessica Smith,jeremyrichardson@example.net,1,0,100
Melissa Pitts,okim@example.org,1,0,100
Helen James,maxwellbrian@example.org,1,0,100
Beverly Lewis,sherry67@example.com,1,0,100
Joseph Reyes,brownelizabeth@example.org,1,0,100
Troy Cameron,doyledaniel@example.com,1,0,100
David Sandoval,anthonyhill@example.net,1,0,100
James Ward,vvargas@example.com,1,0,100
Lucas Adams,summersleah@example.com,1,0,100
Charles Huerta,pcochran@example.net,1,0,100
John Collins,dnolan@example.org,1,0,100
Lindsey Rollins,destiny27@example.net,1,0,100
Joseph Robbins,iansmith@example.org,1,0,100
David Lopez,carolmccoy@example.net,1,0,100
Denise Jones,udavis@example.org,1,0,100
Sharon Schneider,swilson@example.com,1,0,100
Joshua Lucas,richardhenry@example.net,1,0,100
Richard Rogers,christine24@example.net,1,0,100
Nathan Berry,hflowers@example.com,1,0,100
Joseph Blackburn,annagarcia@example.com,1,0,100
Logan Smith,crystal84@example.com,1,0,100
John Ellis,escott@example.org,1,0,100
Elizabeth Moore,adamlynch@example.net,1,0,100
Ashley Elliott,lindseysolis@example.com,1,0,100
Joshua Ponce,catherinelopez@example.com,1,0,100
Philip Smith,abigailrobinson@example.org,1,0,100
Michael Fowler,joemaldonado@example.org,1,0,100
Kerry Park,katelyn69@example.net,1,0,100
Robert Bautista,timothy88@example.org,1,0,100
Jaime Reid,operkins@example.net,1,0,100
Robert Gonzalez,laurawalters@example.net,1,0,100
Rebecca Roy,kenneth80@example.net,1,0,100
Gregory Rose,bradleycarpenter@example.org,1,0,100
Virginia Harrington,pam32@example.com,1,0,100
Robert Harris,wbooker@example.net,1,0,100
Cody Hancock,vmontgomery@example.com,1,0,100
Grace Vance,jacksoneric@example.org,1,0,100
Peggy Smith,whitemaria@example.org,1,0,100
Tracey Baker,megan08@example.org,1,0,100
Savannah Wiley,smithpaige@example.com,1,0,100
Jamie Hicks,chaveztara@example.net,1,0,100
Javier Frazier,kmorgan@example.com,1,0,100
Danny Olson,donnabarber@example.com,1,0,100
Kelly Proctor,william60@example.org,1,0,100
Christie Larson,michelleortega@example.org,1,0,100
Mary Allen,wkennedy@example.com,1,0,100
Connor Gray,carolyncarey@example.org,1,0,100
Nancy Garcia,jessica07@example.com,1,0,100
Randy Yang,nwolfe@example.com,1,0,100
Kevin Reed,reneedowns@example.net,1,0,100
Jason Chambers,warrenvincent@example.com,1,0,100
Timothy Burgess,katherinefleming@example.com,1,0,100
Michelle Munoz,katelyncolon@example.org,1,0,100
Mrs. Nicole,willischad@example.org,1,0,100
Christopher Miller,gmartinez@example.org,1,0,100
Jaime Cooper,aanderson@example.com,1,0,100
Mary Sutton,susandavis@example.com,1,0,100
Alicia Mueller,wsullivan@example.com,1,0,100
Sherry Rodriguez,smithelizabeth@example.net,1,0,100
Jesse Martin,martinezangela@example.net,1,0,100
Vanessa Cruz,stanleybrandi@example.net,1,0,100
Dwayne Marsh,smithmary@example.com,1,0,100
William Wright,james80@example.net,1,0,100
Judy Benjamin,taylorparks@example.net,1,0,100
Nicholas Anderson,abenjamin@example.com,1,0,100
Valerie Hill,rkelly@example.net,1,0,100
Jordan Armstrong,ncollier@example.com,1,0,100
Patrick Thompson,ernest52@example.org,1,0,100
Joseph Jackson,connerryan@example.net,1,0,100
Kristin Cooper,joshua32@example.com,1,0,100
Samuel Russo,leslie41@example.org,1,0,100
Michelle Carter,loweryan@example.net,1,0,100
Luis Miles,traviswelch@example.com,1,0,100
Sarah Richardson,walkerjose@example.net,1,0,100
Tammy Gibson,lutzchristine@example.com,1,0,100
Louis Chavez,phill@example.com,1,0,100
Mary Gilbert,hillheather@example.org,1,0,100
Jennifer Dominguez,lewisjoseph@example.com,1,0,100
Latasha Jenkins,dwagner@example.com,1,0,100
Derrick Gordon,maryfarmer@example.org,1,0,100
Frederick Hernandez,ronald83@example.com,1,0,100
Matthew Bailey,david21@example.com,1,0,100
Angela Dunn,yle@example.com,1,0,100
Ashley Larson,deborahcole@example.org,1,0,100
Rebecca Thomas,wanda92@example.com,1,0,100
Wayne Walker,johnstonkimberly@example.net,1,0,100
Renee Reid,zachary90@example.net,1,0,100
Anthony Banks,pfernandez@example.org,1,0,100
Julie Wallace,paulayoung@example.net,1,0,100
George Adams,bellmelinda@example.net,1,0,100
Joshua Becker,charlottehenderson@example.com,1,0,100
Brian Barry,brownanthony@example.org,1,0,100
Nicole Young,felicia16@example.org,1,0,100
Paul Harris,teresathomas@example.net,1,0,100
Michael Rowe,ronniebranch@example.net,1,0,100
Timothy Novak,ryan45@example.org,1,0,100
Steven Davis,diazchristopher@example.org,1,0,100
Joshua Reed,weaverteresa@example.org,1,0,100
Kenneth Ramirez,stevensrobert@example.org,1,0,100
Donna Brown,qgray@example.net,1,0,100
Dr. Darlene,cantrellkendra@example.org,1,0,100
Joseph Romero,bondjoshua@example.org,1,0,100
Alyssa Allen,cnunez@example.com,1,0,100
Ricardo Morales,ejones@example.net,1,0,100
Sarah Figueroa,woodlori@example.com,1,0,100
Alexander Hamilton,staffordtara@example.com,1,0,100
Jay Fox,bhowe@example.com,1,0,100
Laura Johnson,janicewarren@example.com,1,0,100
Luis Sanchez,daniel10@example.org,1,0,100
Dr. Heather,benjamin93@example.org,1,0,100
Rebecca Baldwin,stephenhaley@example.com,1,0,100
Victoria Williams,tina35@example.org,1,0,100
Molly Delgado,thomassloan@example.net,1,0,100
Stacey Gilmore,hannah32@example.org,1,0,100
Brittany Rivera,sallen@example.org,1,0,100
Shawn Wheeler,tonyacastillo@example.org,1,0,100
David Price,crystal26@example.org,1,0,100
Kevin Holloway,kennethramirez@example.com,1,0,100
Teresa Robertson,christopher54@example.org,1,0,100
Natalie Curtis,tracey47@example.org,1,0,100
Holly Lang,dana55@example.net,1,0,100
Cynthia Henson,jmcguire@example.com,1,0,100
Sharon Wilkinson,emily84@example.com,1,0,100
Dana Thomas,brittany26@example.net,1,0,100
Kimberly Carlson,ebrewer@example.org,1,0,100
Sandra Rodriguez,jonathanknapp@example.com,1,0,100
Amber Briggs,burnsjeffrey@example.com,1,0,100
Sarah Wright,hendersonclaudia@example.org,1,0,100
Kristina Anderson,joyce32@example.org,1,0,100
Adam Nash,james65@example.com,1,0,100
Kristi Hill,jeremylambert@example.net,1,0,100
Ronald Gilbert,jamie78@example.org,1,0,100
Susan Campos,daniel32@example.org,1,0,100
Rebecca Lewis,carlos89@example.com,2,0,100
Robert Williamson,megan55@example.net,2,0,100
Jessica White,michaelbarnes@example.net,2,0,100
Danielle Stewart,sotosarah@example.net,2,0,100
Kyle Perry,wardjoseph@example.net,2,0,100
Ryan Woods,englishdana@example.org,2,0,100
April Reyes,thomassteven@example.com,2,0,100
John Nguyen,harrisnatasha@example.org,2,0,100
Kristen Ward,marietorres@example.org,2,0,100
Yvette Byrd,williamsronnie@example.com,2,0,100
Mrs. Gail,williamcooper@example.com,2,0,100
Krista Lee,deborah12@example.net,2,0,100
Ruben Kaiser,kimward@example.org,2,0,100
Mindy Lawson,anthonyfoster@example.org,2,0,100
Annette Morris,jennifer61@example.org,2,0,100
Jimmy Moore,louis11@example.org,2,0,100
Rebecca Clark,robert74@example.net,2,0,100
Katherine Hines,heatherrosales@example.com,2,0,100
Andrea Wells,stephenmartinez@example.net,2,0,100
Connor Rodgers,hallkenneth@example.com,2,0,100
Kathy Bailey,jennifer26@example.org,2,0,100
Dr. Luis,fgill@example.org,2,0,100
David Scott,jeremy37@example.org,2,0,100
Oscar Richard,andreaibarra@example.com,2,0,100
Caleb Rich,rbaker@example.net,2,0,100
Connie Garza,amandagarcia@example.org,2,0,100
Abigail Miller,cpope@example.com,2,0,100
Joseph Singleton,sarah88@example.net,2,0,100
Jennifer Cruz,kaisermichael@example.org,2,0,100
John Nguyen,harrisnatasha@example.org,2,0,100
Kevin Combs,dkhan@example.org,2,0,100
Scott Bradley,megan29@example.org,2,0,100
Kristy Lopez,collinstanya@example.net,2,0,100
Susan Miller,aprilbenson@example.net,2,0,100
Mr. David,justin36@example.org,2,0,100
Kayla Anderson,jamiepeterson@example.org,2,0,100
Matthew Thomas,delgadostacey@example.net,2,0,100
David Johns,stevenbaker@example.com,2,0,100
Stephanie Baker,brianodonnell@example.net,2,0,100
David Henderson,xallen@example.org,2,0,100
Sarah Bryant,kperez@example.com,2,0,100
John Ellis,howardandrew@example.org,2,0,100
Katherine Armstrong,mgriffin@example.net,2,0,100
Richard Brown,richardjulian@example.com,2,0,100
John James,mirandahannah@example.net,2,0,100
Katherine Powers,williamsonangela@example.com,2,0,100
Dennis Baldwin,andrew64@example.org,2,0,100
Walter Lee,lisastone@example.com,2,0,100
William Brown,tnguyen@example.net,2,0,100
Thomas Baker,thomas88@example.net,2,0,100
Mrs. Audrey,smithkrista@example.net,2,0,100
Kathryn Martinez,davisheather@example.org,2,0,100
Samuel Brown,gloverronald@example.org,2,0,100
Casey Bailey,huntamy@example.net,2,0,100
Mr. Joseph,pharris@example.org,2,0,100
Kathryn Jackson,zachary14@example.com,2,0,100
Maria Medina,stephen56@example.com,2,0,100
Brandon Chavez,jenkinsphillip@example.com,2,0,100
Melissa Johnson,sray@example.net,2,0,100
Alec Conner,jeffery97@example.org,2,0,100
Charles Harvey,aprilbates@example.com,2,0,100
Harold West,evelyn23@example.com,2,0,100
George Evans,ntaylor@example.net,2,0,100
Joseph Sullivan,aaron50@example.org,2,0,100
Linda Waters,christopherhampton@example.net,2,0,100
Brandon Sanders,lmcclure@example.net,2,0,100
Richard Gonzalez,jennifer46@example.net,2,0,100
Tina Wright,kreeves@example.com,2,0,100
Wesley Hull,sandovalgeorge@example.com,2,0,100
Hayley Mcdowell,tinalara@example.org,2,0,100
Aaron Case,lmccall@example.com,2,0,100
Lindsay Russell,sonyarichards@example.net,2,0,100
Samantha Donaldson,rmiller@example.com,2,0,100
Ashley Woodward,gloriapope@example.com,2,0,100
Kristen Miller,stephaniebarker@example.org,2,0,100
Joyce Garrett,townsendlauren@example.net,2,0,100
Alexander Burke,aalexander@example.org,2,0,100
Paul Mcdonald,bandrews@example.org,2,0,100
Kelsey Lang,petersonlisa@example.net,2,0,100
Brian Miller,christopherwilson@example.net,2,0,100
Shane Moreno,alexandererin@example.org,2,0,100
Heather Bates,smithmelvin@example.org,2,0,100
David Martinez,schen@example.net,2,0,100
Leah Shaw,johnny23@example.org,2,0,100
Elizabeth Mills,amygarcia@example.net,2,0,100
Zachary Mitchell,kristina28@example.org,2,0,100
Todd Hernandez,brandonwilliams@example.com,2,0,100
Jason Tanner,jerryadkins@example.com,2,0,100
Joshua Campbell,scottmaldonado@example.org,2,0,100
Jose Frazier,stephen75@example.net,2,0,100
Ivan Swanson,brandonoliver@example.net,2,0,100
Angela Burke,tina66@example.com,2,0,100
Christina Gonzalez,hschmidt@example.org,2,0,100
Sharon Hale,natasha22@example.com,2,0,100
Henry Nguyen,flewis@example.com,2,0,100
Bonnie Friedman,brittney26@example.org,2,0,100
Caleb Watson,westmaria@example.org,2,0,100
April Osborn,perrywilliam@example.org,2,0,100
Sydney Booth,ericbush@example.org,2,0,100
Shane Nunez,richard41@example.com,2,0,100
Tanya Mcdonald,kellywalsh@example.com,2,0,100
David Clark,brownjerry@example.org,2,0,100
Krista Lee,deborah12@example.net,2,0,100
Christina Torres,newmantami@example.com,2,0,100
Joseph Frazier,kimberlyhiggins@example.net,2,0,100
Amy Stone,mberg@example.net,2,0,100
Alyssa Day,clarkalan@example.org,2,0,100
Robert Branch,cynthia95@example.com,2,0,100
Caitlyn Shaw,smithmichael@example.org,2,0,100
Cheryl Anderson,mgomez@example.net,2,0,100
Amy Alexander,tara57@example.org,2,0,100
Larry Martinez,kristin13@example.org,2,0,100
Todd Allen,gutierrezalbert@example.com,2,0,100
Brandy Collins,grahammary@example.com,2,0,100
Joann Guerrero,fgrant@example.com,2,0,100
Rebecca Alexander,thomas01@example.org,2,0,100
Michael Hudson,stevenstewart@example.com,2,0,100
Lindsey Sanchez,lawrencesharon@example.net,2,0,100
Michelle Murphy,pcastillo@example.net,2,0,100
Valerie Campbell,joshuabecker@example.org,2,0,100
Renee Reid,zachary90@example.net,2,0,100
Dr. Chad,kelly05@example.org,2,0,100
Kimberly Rogers,jennifer69@example.net,2,0,100
Daniel Hall,barberjennifer@example.com,2,0,100
Maria Rogers,gloverkristin@example.org,2,0,100
Lisa Myers,stokestracy@example.org,2,0,100
Alexis Vincent,michael97@example.org,2,0,100
Daniel Rojas,jorgeromero@example.com,2,0,100
Kara Tyler,evelyngonzalez@example.org,2,0,100
Tabitha Cannon,xalvarez@example.com,2,0,100
Alyssa Day,clarkalan@example.org,2,0,100
Richard Montgomery,luisjones@example.com,2,0,100
Michele Stevenson,oskinner@example.com,2,0,100
Mr. Charles,gracewarner@example.net,2,0,100
Emma Byrd,lisalewis@example.com,2,0,100
Breanna Salas,jacksondanielle@example.com,2,0,100
Tina Williams,echan@example.net,2,0,100
Laura Cox,natashaanderson@example.org,2,0,100
Matthew Holloway,justinbenson@example.com,2,0,100
Curtis Jones,moodyjohn@example.com,2,0,100
Michael Harris,georgesampson@example.com,2,0,100
Shelley Palmer,mbaxter@example.net,2,0,100
Caleb Rich,rbaker@example.net,2,0,100
Paul Harmon,josephrosales@example.org,2,0,100
Scott Simpson,parksryan@example.net,2,0,100
Whitney Valenzuela,richardpena@example.com,2,0,100
Tara May,robert86@example.com,2,0,100
Jason Steele,gortega@example.org,2,0,100
Emily Acosta,hullchristina@example.net,2,0,100
Norma White,justin45@example.org,2,0,100
Kevin Villa,dave79@example.org,2,0,100
Daniel Jackson,lcardenas@example.com,2,0,100
Erin Reed,obond@example.net,2,0,100
Jennifer Blanchard,vbrandt@example.org,2,0,100
Paul Molina,john30@example.com,2,0,100
Alan Morrison,lauren62@example.org,2,0,100
Jessica Edwards,eskinner@example.net,2,0,100
Brian Lamb,catherine26@example.com,2,0,100
Holly Clark,ericschultz@example.org,2,0,100
Katie Lawrence,scottjoseph@example.org,2,0,100
Sharon Allen,vtorres@example.net,2,0,100
Walter Underwood,willismelissa@example.net,2,0,100
Nicole Alvarado,fernandezkaren@example.net,2,0,100
Kevin Jenkins,vcollier@example.net,2,0,100
Frank Hill,xtran@example.net,2,0,100
Jessica Watson,yanderson@example.net,2,0,100
Renee Pham,mariavalenzuela@example.net,2,0,100
Taylor Arnold,arellanodonna@example.org,2,0,100
Jonathan Roth,kkim@example.org,2,0,100
John Calhoun,bankskathryn@example.net,2,0,100
Timothy Ramirez,ewilson@example.net,2,0,100
Whitney Rowe,johnrusso@example.org,2,0,100
Mr. Joseph,smithdeborah@example.com,2,0,100
Steven Edwards,jhunter@example.org,2,0,100
Mr. Charles,anthony24@example.net,2,0,100
Benjamin Osborne,zcantu@example.net,2,0,100
Jane Cook,karenrodriguez@example.org,2,0,100
Mr. Tony,robert16@example.org,2,0,100
Catherine Mack,thomassullivan@example.org,2,0,100
Robert Solomon,kevinmcdowell@example.com,2,0,100
Robert Buchanan,arodriguez@example.net,2,0,100
Brett George,chavezmelanie@example.com,2,0,100
Michelle Garner,melissaescobar@example.net,2,0,100
Shelley Smith,deannahorn@example.net,2,0,100
Paul Holmes,alicia61@example.net,2,0,100
Victor Flores,dana68@example.net,2,0,100
Kathy Hernandez,christopherhall@example.com,2,0,100
Joshua Smith,morganlopez@example.org,2,0,100
Stephanie Thompson,bscott@example.net,2,0,100
Mr. Gregory,alewis@example.org,2,0,100
Jennifer Cook,paul81@example.com,2,0,100
Heather Mckenzie,barreradanielle@example.com,2,0,100
Kelly Ruiz,kevinhamilton@example.org,2,0,100
Ashley Williams,chavezcrystal@example.org,2,0,100
Kyle Washington,rblake@example.org,2,0,100
Cassie Kramer,matthew74@example.org,2,0,100
Mr. Michael,robertataylor@example.net,2,0,100
Kevin Orr,jorgebutler@example.net,2,0,100
Holly Campbell,james09@example.com,2,0,100
Eric Gutierrez,xgonzales@example.com,2,0,100
Sara Scott,shelley11@example.net,2,0,100
Monica Coleman,rodriguezmicheal@example.net,2,0,100
Kathy Williams,ojennings@example.org,2,0,100
Christopher Lane,nicholsonvanessa@example.org,2,0,100
Sandra Ellis,xrogers@example.net,2,0,100
Ryan Smith,rodriguezmatthew@example.org,2,0,100
Rhonda Macias,cynthiagreen@example.org,2,0,100
David Maldonado,ywest@example.net,2,0,100
Michael Harris,georgesampson@example.com,2,0,100
James Gutierrez,xjames@example.net,2,0,100
Nathan Cox,shenderson@example.net,2,0,100
Theresa Sharp,drios@example.com,2,0,100
Jordan Hall,ganderson@example.com,2,0,100
Laura Bailey,kimberlywest@example.com,2,0,100
Tonya Nunez,jeffrey34@example.org,2,0,100
Brenda Burton,mhobbs@example.com,2,0,100
Jennifer Hernandez,aaron76@example.com,2,0,100
Brian Contreras,qgomez@example.net,2,0,100
Oscar Fuentes,martinezjoel@example.org,2,0,100
John Nguyen,harrisnatasha@example.org,2,0,100
Karen Powers,davidsonerika@example.net,2,0,100
Blake Gross,albert29@example.org,2,0,100
Gina Arellano,christinasanchez@example.com,2,0,100
Melissa Johnson,lorihowe@example.net,2,0,100
Amy Gentry,paul38@example.com,2,0,100
Victoria Bell,agonzalez@example.net,2,0,100
Karen Montgomery,ellengonzales@example.com,2,0,100
Mrs. Gail,williamcooper@example.com,2,0,100
Sandra Ellis,xrogers@example.net,2,0,100
Lauren Scott,coxandrew@example.com,2,0,100
Mr. Jacob,alexandra04@example.net,2,0,100
Melissa Bridges,smccarthy@example.org,2,0,100
Charles Martinez,jacksonchristine@example.com,2,0,100
Benjamin Maynard,jmitchell@example.net,2,0,100
Caleb Watson,westmaria@example.org,2,0,100
Julie Parsons,schmidtmichele@example.com,2,0,100
Terry Rivera,jamie10@example.net,2,0,100
Jonathan Gonzalez,bridgespaul@example.com,2,0,100
Tiffany Byrd,jonathan06@example.com,2,0,100
Anna Kerr,moraryan@example.net,2,0,100
Michael Hill,smithtravis@example.org,2,0,100
Laura Peterson,devinmartin@example.com,2,0,100
Jennifer Cruz,kaisermichael@example.org,2,0,100
Tanner Walker,vmyers@example.net,2,0,100
Lawrence Erickson,gouldmichael@example.org,2,0,100
Monica Smith,wcarter@example.org,2,0,100
Brenda Smith,mjames@example.com,2,0,100
Mallory Reyes,monica62@example.net,2,0,100
Larry Tran,hoamber@example.com,2,0,100
James Barker,hhernandez@example.net,2,0,100
Samuel Brown,gloverronald@example.org,2,0,100
Nicholas Sullivan,bperez@example.net,2,0,100
Michael Mitchell,gwest@example.net,2,0,100
Alyssa Martinez,xtaylor@example.org,2,0,100
Christina Schultz,angelajohnson@example.org,2,0,100
Allison Espinoza,rachael24@example.org,2,0,100
William Miller,holly47@example.com,2,0,100
Ruben Navarro,goodwinjason@example.com,2,0,100
Michael Berry,teresa59@example.com,2,0,100
Matthew Martin,kristopher44@example.com,2,0,100
Tony Richardson,nsnyder@example.net,2,0,100
Christopher Lane,nicholsonvanessa@example.org,2,0,100
Alfred Woodward,victor00@example.org,2,0,100
Tasha Aguilar,kenneth01@example.org,2,0,100
Cheryl Anderson,mgomez@example.net,2,0,100
Adam Peterson,santanastacy@example.com,2,0,100
Malik White,edwardcaldwell@example.com,2,0,100
Ricardo Austin,ajohnson@example.net,2,0,100
Jessica Williams,tbarajas@example.net,2,0,100
Misty Wagner,joannehooper@example.com,2,0,100
James Wolfe,fwood@example.com,2,0,100
Ashley Macdonald,uharris@example.net,2,0,100
Elizabeth Clark,randyturner@example.com,2,0,100
Connor Rodgers,hallkenneth@example.com,2,0,100
Heather Weber,josephthomas@example.net,2,0,100
David Warren,nrobinson@example.net,2,0,100
Erika Castaneda,matthew04@example.org,2,0,100
Karen Montgomery,ellengonzales@example.com,2,0,100
Danielle Patel,wthompson@example.org,2,0,100
Charles Koch,joseph89@example.com,2,0,100
Meghan Mathews,heather48@example.com,2,0,100
Jonathan Casey,deborah97@example.org,2,0,100
Alexandra Stephenson,walterserica@example.org,2,0,100
Jacob Harrison,tsimpson@example.org,2,0,100
Brooke Miles,wrowland@example.com,2,0,100
Deanna Benson,jenniferconway@example.com,2,0,100
Justin Snyder,npeters@example.com,2,0,100
Robert Cruz,butlerantonio@example.net,2,0,100
Kevin Fields,glennevans@example.com,2,0,100
Elizabeth Vasquez,jessica61@example.net,2,0,100
Alyssa Day,clarkalan@example.org,2,0,100
Kevin Valdez,carrieayers@example.org,2,0,100
Larry Martinez,kristin13@example.org,2,0,100
Kathleen Wallace,hortondanny@example.net,2,0,100
Samuel Henry,mullinskimberly@example.com,2,0,100
Laura Edwards,monica85@example.net,2,0,100
Nicholas Russo,briananderson@example.com,2,0,100
Jason Martinez,watsonnancy@example.org,2,0,100
Christopher Schmidt,emily41@example.com,2,0,100
Angel Johnson,cgarcia@example.com,2,0,100
Gabriel Gonzales,xwhite@example.net,2,0,100
Gregory Parsons,hector61@example.org,2,0,100
Kimberly Landry,awhite@example.com,2,0,100
Warren Reed,timothy20@example.com,2,0,100
Anthony Myers,matthew63@example.net,2,0,100
John Mcclure,msloan@example.com,2,0,100
Kyle Washington,rblake@example.org,2,0,100
Vanessa Jenkins,shelleyhernandez@example.com,2,0,100
Allison Espinoza,rachael24@example.org,2,0,100
Angela Wilson,georgedavenport@example.org,2,0,100
Danielle Campbell,millersamantha@example.net,2,0,100
Michael Harris,georgesampson@example.com,2,0,100
Robert Mays,uharris@example.net,2,0,100
David Mcdonald,kristina87@example.org,2,0,100
Leah Martinez,elizabeth96@example.net,2,0,100
Maria Moore,blawrence@example.org,2,0,100
Amanda Parker,thompsonlisa@example.org,2,0,100
Danielle Stewart,sotosarah@example.net,2,0,100
Ryan Acevedo,loganloretta@example.org,2,0,100
Jenna Friedman,collinsjoshua@example.org,2,0,100
Kristen Thomas,mary53@example.com,2,0,100
Tara Perez,ujohnson@example.org,2,0,100
Alyssa Day,clarkalan@example.org,2,0,100
Daniel Madden,travisspears@example.net,2,0,100
Eric Romero,zchambers@example.org,2,0,100
Grant Harris,lawrencemichael@example.net,2,0,100
Bruce Williams,ktrevino@example.com,2,0,100
William Bailey,hendersondonna@example.com,2,0,100
Kaitlyn Cruz,clayroger@example.net,2,0,100
Isabella Boyd,jessica23@example.com,2,0,100
Karen Mcdonald,luceroholly@example.com,2,0,100
Debbie Smith,kerrbrian@example.org,2,0,100
Kevin Miles,cobbjustin@example.com,2,0,100
Donna Orr,ryanhendricks@example.org,2,0,100
Melanie Hardin,gabriel34@example.net,2,0,100
Gordon Cruz,kevin97@example.org,2,0,100
Krystal Delgado,westrobert@example.com,2,0,100
Andrea Stewart,bpena@example.org,2,0,100
Tanya Martin,taylormichael@example.net,2,0,100
Maria Lindsey,zsalazar@example.net,2,0,100
Austin Fisher,jaredharvey@example.com,2,0,100
Katie Russell,debbie12@example.net,2,0,100
Manuel Walsh,zjones@example.com,2,0,100
John Foster,timothydunn@example.net,2,0,100
Ethan Perez,michael06@example.org,2,0,100
Raven Taylor,wkennedy@example.org,2,0,100
Matthew Nguyen,carriesmith@example.org,2,0,100
Travis Newton,tfrancis@example.net,2,0,100
Justin Ward,alexanderanna@example.com,2,0,100
Elizabeth Sparks,jeremy80@example.net,2,0,100
Lance Torres,bhall@example.com,2,0,100
Jordan Rivera,xrogers@example.org,2,0,100
John Huber,whitekenneth@example.net,2,0,100
Gerald Smith,douglasstark@example.net,2,0,100
Denise Brown,clarklucas@example.com,2,0,100
Julie Little,nicolemoss@example.org,2,0,100
Caleb Watson,westmaria@example.org,2,0,100
Sarah Johnson,kevinpratt@example.net,2,0,100
Theresa Reynolds,ronaldrussell@example.com,2,0,100
Linda Stephens,dmills@example.com,2,0,100
Aaron Hill,qgarcia@example.com,2,0,100
Rachel Phillips,peterneal@example.org,2,0,100
Alan Blanchard,joserodriguez@example.net,2,0,100
Lisa Graham,velasquezbrittany@example.com,2,0,100
Krista Dawson,uadams@example.org,2,0,100
Laura Holder,jennabanks@example.com,2,0,100
Steven Griffin,hernandezamy@example.com,2,0,100
Roger Mclean,nrogers@example.com,2,0,100
Gary Brown,nancy72@example.net,2,0,100
Breanna Salas,jacksondanielle@example.com,2,0,100
Karen Allen,yfields@example.com,2,0,100
Benjamin Petersen,terri00@example.com,2,0,100
John Young,dwilliams@example.net,2,0,100
Francisco Lloyd,rogerscynthia@example.net,2,0,100
Jennifer Cook,michaelcarr@example.org,2,0,100
Johnny Woods,hdouglas@example.com,2,0,100
Michael Shaffer,jacobsdebra@example.net,2,0,100
Alyssa Day,clarkalan@example.org,2,0,100
Jeffrey Jenkins,tromero@example.net,2,0,100
Laurie Lee,keithhayes@example.net,2,0,100
Richard Palmer,jacob64@example.org,2,0,100
Eric Mills,michaelandrews@example.org,2,0,100
Nicholas Santana,coxchristina@example.net,2,0,100
Jody Washington,mcdanielkimberly@example.org,2,0,100
Carol Fisher,rachelthornton@example.net,2,0,100
Michael Fernandez,nathan66@example.org,2,0,100
Rachel Woodard,ewade@example.com,2,0,100
Sara Scott,shelley11@example.net,2,0,100
Catherine Wilson,matthewscheryl@example.org,2,0,100
Maureen Lopez,margaretwalsh@example.org,2,0,100
Jose Terry,wilsonrichard@example.net,2,0,100
Ricardo Winters,martinezkristen@example.net,2,0,100
Benjamin Banks,andrew60@example.net,2,0,100
Courtney Gross,torreschristopher@example.org,2,0,100
Suzanne Brown,qstephens@example.net,2,0,100
Alexandra Cunningham,sabrinacampos@example.net,2,0,100
Bryan Stewart,andrew09@example.com,2,0,100
Kenneth Lewis,josephtorres@example.org,2,0,100
Barbara Graham,andrea82@example.com,2,0,100
Victor Flores,dana68@example.net,2,0,100
Martin Fisher,ggray@example.com,2,0,100
Zachary Edwards,melindastephens@example.org,2,0,100
Jennifer Henderson,brian74@example.net,2,0,100
Joseph Bowen,angelahorn@example.net,2,0,100
Timothy Anderson,anthonyadams@example.net,2,0,100
Justin Snyder,npeters@example.com,2,0,100
Mr. Tony,robert16@example.org,2,0,100
Roger Nelson,whitney56@example.com,2,0,100
Lynn Freeman,huberpaul@example.com,2,0,100
Jennifer King,udavis@example.org,2,0,100
Nicole Armstrong,keith37@example.net,2,0,100
Cynthia Horton,matthewjohnson@example.com,2,0,100
Jeanette Ford,jessicabrooks@example.org,2,0,100
Matthew Holloway,justinbenson@example.com,2,0,100
Ashley Smith,chadcolon@example.com,2,0,100
Benjamin Miller,bsharp@example.com,2,0,100
Grant Murphy,leslie86@example.net,2,0,100
Alexis Vincent,michael97@example.org,2,0,100
Mr. Craig,david41@example.com,2,0,100
Ethan Perez,michael06@example.org,2,0,100
Catherine Mack,thomassullivan@example.org,2,0,100
Daniel Rojas,jorgeromero@example.com,2,0,100
Jared Goodwin,ericamalone@example.org,2,0,100
Lance Lopez,kevin36@example.org,2,0,100
Ryan Brown,yroberts@example.org,2,0,100
Linda Waters,christopherhampton@example.net,2,0,100
Paul Jackson,felliott@example.net,2,0,100
Jose Terry,wilsonrichard@example.net,2,0,100
Michael Lee,jenkinsdaniel@example.net,2,0,100
Ethan Gonzalez,dgentry@example.com,2,0,100
Adam Martin,snyderamanda@example.org,2,0,100
Justin Little,james82@example.org,2,0,100
Christopher Wright,zjordan@example.com,2,0,100
Yolanda Ortega,melissasalazar@example.org,2,0,100
James Gutierrez,xjames@example.net,2,0,100
Jasmine Wilcox,turnernorman@example.net,2,0,100
Amy Taylor,cynthiaschmidt@example.org,2,0,100
Christopher Hall,schaeferamy@example.com,2,0,100
Samuel Hicks,carlsonmario@example.com,2,0,100
Jessica Flynn,shieldsangela@example.org,2,0,100
Roberto Silva,dcohen@example.com,2,0,100
Dr. Chad,kramirez@example.net,2,0,100
Henry Drake,rebecca77@example.com,2,0,100
Cory Moore,weavermegan@example.com,2,0,100
James Stevens,michael68@example.org,2,0,100
Travis Baird,elizabethhall@example.org,2,0,100
Patricia Rodriguez,hcamacho@example.net,2,0,100
John Martinez,charleslogan@example.org,2,0,100
Johnathan Ward,walter16@example.com,2,0,100
William Bailey,hendersondonna@example.com,2,0,100
Gregory Smith,gpeterson@example.org,2,0,100
Tanner Buchanan,phanson@example.com,2,0,100
Jessica Edwards,eskinner@example.net,2,0,100
Chelsey Barber,westlisa@example.net,2,0,100
Marcus Riley,lisapham@example.org,2,0,100
Brittany Dickerson,jrich@example.net,2,0,100
Pamela Thompson,gary90@example.net,2,0,100
Jacob Taylor,smithjeffrey@example.com,2,0,100
Matthew Thomas,delgadostacey@example.net,2,0,100
Brittney Mckay,whitebradley@example.com,2,0,100
Sandra Weiss,turnerjoseph@example.com,2,0,100
Jason Brown,vblack@example.org,2,0,100
William Tapia,fgonzalez@example.net,2,0,100
Kelsey Payne,suttonearl@example.org,2,0,100
Jared Goodwin,ericamalone@example.org,2,0,100
James Alvarado,nicholasglover@example.com,2,0,100
Janet Fernandez,ericjimenez@example.net,2,0,100
Keith Hill,ygriffin@example.com,2,0,100
Kara Tyler,evelyngonzalez@example.org,2,0,100
Julie Little,nicolemoss@example.org,2,0,100
Whitney Valenzuela,richardpena@example.com,2,0,100
Robert Snow,angelawest@example.com,2,0,100
Jeffery Serrano,ogutierrez@example.com,2,0,100
Rodney Wiley,katherine95@example.com,2,0,100
Daniel Jones,uscott@example.org,2,0,100
Leslie Walls,adam76@example.org,2,0,100
Karen Brooks,phillip24@example.net,2,0,100
Erik Roy,sean58@example.com,2,0,100
Betty Soto,vernonyoung@example.com,2,0,100
Tyler Camacho,alec08@example.com,2,0,100
Brian Mcpherson,luiswalters@example.net,2,0,100
Tammy Benitez,ierickson@example.org,2,0,100
James James,obrienpamela@example.com,2,0,100
Kevin Delgado,katiemurphy@example.net,2,0,100
Katherine Powers,williamsonangela@example.com,2,0,100
Russell Lane,pcruz@example.net,2,0,100
Sue Smith,baileykristin@example.com,2,0,100
Seth Lambert,amy07@example.org,2,0,100
Sharon Allen,vtorres@example.net,2,0,100
Ashley Cohen,keith25@example.org,2,0,100
Robert Williamson,megan55@example.net,2,0,100
Kathleen Harris,brad99@example.com,2,0,100
Ann Boyd,candicehall@example.com,2,0,100
Angel Webb,dbrown@example.org,2,0,100
Lauren Schaefer,lscott@example.com,2,0,100
Holly Allen,davidyoung@example.org,2,0,100
Daniel Roberts,fdean@example.org,2,0,100
Eric Gutierrez,xgonzales@example.com,2,0,100
Tracy Pratt,christina11@example.net,2,0,100
Melissa Bishop,xgonzalez@example.com,3,0,100
Anthony Collins,harriskristin@example.org,3,0,100
Misty Vega,jeffreygeorge@example.com,3,0,100
Sara Rowe,kyle35@example.org,3,0,100
Adam Chan,christinebradford@example.org,3,0,100
Dr. Ryan,kenneth02@example.org,3,0,100
Jessica Fox,katherine28@example.org,3,0,100
Tanya Hopkins,dwayne86@example.net,3,0,100
Judy Guerrero,robertrussell@example.org,3,0,100
Christopher Bradley,john60@example.org,3,0,100
Christopher Graham,ramirezkathleen@example.org,3,0,100
Jeffrey Sellers,paul31@example.org,3,0,100
Patricia Schaefer,bbrown@example.net,3,0,100
David Larson,gdixon@example.org,3,0,100
Sherri Caldwell,kimberlybuchanan@example.com,3,0,100
Jeffrey Anderson,craigolivia@example.org,3,0,100
Ryan Edwards,hperez@example.net,3,0,100
James Black,kmiddleton@example.org,3,0,100
Kimberly Reyes,michellesmith@example.net,3,0,100
Miranda Parker,qyoung@example.net,3,0,100
Jennifer Gomez,michaelcaldwell@example.net,3,0,100
Kathy Wilson,phammelinda@example.org,3,0,100
Carl Romero,jeff67@example.org,3,0,100
Brianna Williams,ebarron@example.net,3,0,100
Shawn Gibson,martinray@example.net,3,0,100
Timothy Harris,kimberly33@example.org,3,0,100
Kevin Winters,samuel75@example.com,3,0,100
Anthony Garcia,richardfoley@example.com,3,0,100
Tina Daugherty,yerickson@example.net,3,0,100
Mr. David,gmoore@example.com,3,0,100
Gabriel Torres,herrerasteven@example.com,3,0,100
Phyllis Frank,rochapaige@example.org,3,0,100
Joshua Wilson,johnodonnell@example.com,3,0,100
Christine Barker,brittanylove@example.net,3,0,100
Anthony Berry,lindsay77@example.net,3,0,100
Jonathan Brown,sheri35@example.org,3,0,100
Don Anderson,griffithjennifer@example.net,3,0,100
Susan White,jasmineturner@example.com,3,0,100
Jacqueline Keller,brandonlandry@example.com,3,0,100
Jordan Chang,lsmith@example.org,3,0,100
Sarah Hines,claymatthew@example.org,3,0,100
Brittany Lee,zleonard@example.com,3,0,100
Rachel Payne,uhoward@example.org,3,0,100
Michael Roth,justinevans@example.org,3,0,100
Jake Gonzalez,aelliott@example.org,3,0,100
Sydney Reyes,portermonique@example.net,3,0,100
Eric Hurley,nguyenchristian@example.com,3,0,100
Kelly Bell,todd87@example.com,3,0,100
Amber Glover,timothydixon@example.com,3,0,100
Caroline Martinez,eking@example.org,3,0,100
Dominique Salinas,millerandrew@example.net,3,0,100
Sarah Cummings,kevin70@example.net,3,0,100
Adam Kelley,fandersen@example.org,3,0,100
Michael Moore,xjones@example.org,3,0,100
Michael Ramirez,carolbrewer@example.com,3,0,100
Jason Thomas,ygonzalez@example.org,3,0,100
Joseph Barrett,bakeralbert@example.net,3,0,100
Todd Stewart,alisonjohnson@example.net,3,0,100
James Bonilla,davidchavez@example.net,3,0,100
Jonathan Moore,duanecox@example.net,3,0,100
Dalton Morgan,abuckley@example.com,3,0,100
Karen Hamilton,jessicaunderwood@example.org,3,0,100
Joseph Moran,timothyjackson@example.net,3,0,100
Jennifer Hunter,ehowell@example.com,3,0,100
Angela Diaz,brownkristy@example.net,3,0,100
Stephanie Cruz,gonzalezjeremy@example.net,3,0,100
Teresa Williams,codycarter@example.org,3,0,100
Teresa Williams,codycarter@example.org,3,0,100
Cindy Arnold,simmonskristen@example.org,3,0,100
Jake Gonzalez,aelliott@example.org,3,0,100
Harold Davis,ydiaz@example.com,3,0,100
Anthony Garcia,richardfoley@example.com,3,0,100
Todd Jones,jonesstephen@example.com,3,0,100
Catherine Jennings,dustinrios@example.com,3,0,100
Jonathan Lindsey,larry01@example.com,3,0,100
Mr. Nicholas,curtis09@example.net,3,0,100
Linda Hicks,blakenelson@example.org,3,0,100
Ashley Waters,virginia10@example.org,3,0,100
Daniel Thomas,millskevin@example.com,3,0,100
Stacy Ramos,taramorris@example.com,3,0,100
Joseph Reyes,webertina@example.net,3,0,100
Isabel Sanchez,william05@example.com,3,0,100
Tracey Navarro,anthonybender@example.org,3,0,100
Cynthia Bryant,omyers@example.net,3,0,100
Katherine Powers,williamsonangela@example.com,3,0,100
April Brewer,robertstevens@example.net,3,0,100
Tamara Wagner,stevenscesar@example.com,3,0,100
John Doyle,zgillespie@example.net,3,0,100
Micheal Gentry,leslie87@example.com,3,0,100
Emily Farmer,kellyjones@example.org,3,0,100
James Bonilla,davidchavez@example.net,3,0,100
Jack Roach,tyler60@example.org,3,0,100
Christopher Graham,ramirezkathleen@example.org,3,0,100
Mallory Taylor,spencer30@example.com,3,0,100
Michael Yu,thomascolleen@example.net,3,0,100
Eric Spencer,mrodriguez@example.net,3,0,100
Heather Jones,amberbuckley@example.com,3,0,100
Steven Lutz,holdenthomas@example.org,3,0,100
Colleen Weaver,jefferyperez@example.com,3,0,100
Taylor Garcia,carlsonangel@example.com,3,0,100
Karina Curtis,gomezthomas@example.org,3,0,100
Shannon Williams,amyvance@example.org,3,0,100
Colleen Weaver,jefferyperez@example.com,3,0,100
Dr. Andrew,webbrachel@example.org,3,0,100
Angelica Carr,david61@example.org,3,0,100
Frank Simon,beverlyrodriguez@example.net,3,0,100
Travis Miller,frank06@example.com,3,0,100
Anthony Butler,karen72@example.net,3,0,100
Trevor Carter,chayden@example.org,3,0,100
Wendy Butler,williamnelson@example.com,3,0,100
Thomas Johnson,riverajane@example.com,3,0,100
Dalton Guzman,alexandra97@example.org,3,0,100
Christopher White,stephanieunderwood@example.com,3,0,100
Michael Guzman,gutierrezjames@example.com,3,0,100
Hannah Guerrero,carla13@example.org,3,0,100
Catherine Jennings,dustinrios@example.com,3,0,100
Larry Jordan,walkeralexis@example.net,3,0,100
Christopher Graham,ramirezkathleen@example.org,3,0,100
Tara Kennedy,jeremy29@example.org,3,0,100
Michael Cruz,jeffreymarquez@example.com,3,0,100
Jimmy Carr,stephanie47@example.com,3,0,100
Molly Steele,ashley32@example.com,3,0,100
Darryl Phillips,garciasamantha@example.net,3,0,100
Cristina Hawkins,christopher66@example.com,3,0,100
Zachary Donovan,carlsoncatherine@example.net,3,0,100
Alexander Bell,dcross@example.org,3,0,100
Francisco Hardy,jefferyboone@example.org,3,0,100
Olivia Austin,omack@example.com,3,0,100
Joseph Mckinney,angelaphelps@example.com,3,0,100
Paul Perez,ktaylor@example.org,3,0,100
Audrey Benjamin,jasonadams@example.org,3,0,100
David Pierce,michelle53@example.net,3,0,100
Thomas Ortega,garcianathaniel@example.com,3,0,100
David Gonzales,haleyisabella@example.com,3,0,100
Ethan Rice,michael46@example.com,3,0,100
Jenna Curtis,rebecca15@example.com,3,0,100
Jessica Mcbride,taylorgrace@example.com,3,0,100
Brittany Gray,mary19@example.net,3,0,100
Michael Ramirez,carolbrewer@example.com,3,0,100
Anthony Russell,ttrujillo@example.net,3,0,100
Jeremy Aguilar,eklein@example.org,3,0,100
Janice Wiggins,perryjeremy@example.com,3,0,100
Zachary Donovan,carlsoncatherine@example.net,3,0,100
Edward Gordon,jennifer16@example.com,3,0,100
Barbara Oconnell,cunninghamsherri@example.com,3,0,100
Marissa Johnson,harrisonkristina@example.com,3,0,100
Natalie Reyes,wardsabrina@example.com,3,0,100
Crystal Sanders,kevin61@example.org,3,0,100
Jesus Mcgee,ygarcia@example.com,3,0,100
Dr. Ryan,kenneth02@example.org,3,0,100
Donna Lynch,jacqueline32@example.org,3,0,100
Billy Hudson,ecarlson@example.com,3,0,100
April Taylor,michellejohnson@example.net,3,0,100
Caroline Martinez,eking@example.org,3,0,100
Melissa Bishop,xgonzalez@example.com,3,0,100
Sara Weiss,hurstdennis@example.org,3,0,100
Derek Booker,michaelsmith@example.com,3,0,100
Lindsay Roberts,wjimenez@example.net,3,0,100
Gerald Walker,hannah72@example.net,3,0,100
Shane Nunez,richard41@example.com,3,0,100
Christopher Roth,lallen@example.com,3,0,100
Sara Jones,kathleen52@example.net,3,0,100
Shannon Williams,amyvance@example.org,3,0,100
Jessica Fox,katherine28@example.org,3,0,100
Todd Harmon,hansonoscar@example.net,3,0,100
Michelle Johnson,jose01@example.net,3,0,100
Caitlin Lucero,sortiz@example.org,3,0,100
George Simon,obrooks@example.com,3,0,100
Karen Carpenter,petersonjeffrey@example.org,3,0,100
David Gonzales,haleyisabella@example.com,3,0,100
Monique Walker,langchristina@example.com,3,0,100
Michael Lopez,jacob56@example.org,3,0,100
Sara Rowe,kyle35@example.org,3,0,100
Robert King,qadams@example.com,3,0,100
Travis Johnson,gloriaburgess@example.net,3,0,100
Carrie Stone,campbellgloria@example.org,3,0,100
Christine Lewis,kelly12@example.org,3,0,100
Edward Kelley,nicholasjensen@example.com,3,0,100
Ross Davenport,herringchristopher@example.net,4,0,100
Jennifer Morgan,mvang@example.net,4,0,100
Rebecca Thomas,eallen@example.org,4,0,100
Rachael Johnson,amcclure@example.net,4,0,100
Matthew Phelps,sandralindsey@example.com,4,0,100
Cory Boyd,alyssa65@example.org,4,0,100
Cheryl Smith,mirandascott@example.net,4,0,100
Jonathan Long,melissa04@example.org,4,0,100
Carol Mckay,zachary63@example.com,4,0,100
Mark Jones,hannah94@example.net,4,0,100
Rachael Johnson,amcclure@example.net,4,0,100
Steven Salazar,mallen@example.com,4,0,100
Drew Jones,danielsdavid@example.com,4,0,100
Thomas Paul,hwebb@example.net,4,0,100
Jordan Conner,michaelsmith@example.com,4,0,100
Nicole Olson,hcontreras@example.com,4,0,100
Vanessa Herman,starkdawn@example.net,4,0,100
Karen Simon,garrett67@example.com,4,0,100
Brian Mendez,rwoods@example.org,4,0,100
Drew Jones,danielsdavid@example.com,4,0,100
Scott Sloan,ugregory@example.net,4,0,100
Joshua Dennis,michellejones@example.net,4,0,100
Daniel Woods,krystalcurry@example.com,4,0,100
Eric Alexander,williswendy@example.com,4,0,100
Christy Smith,johnsonpeggy@example.org,4,0,100
David Shaw,rtyler@example.org,4,0,100
Troy Smith,emily02@example.org,4,0,100
Drew Jones,danielsdavid@example.com,4,0,100
Lori Glover,johnsonkevin@example.org,4,0,100
Todd Scott,bethrobinson@example.net,4,0,100
Christy Smith,johnsonpeggy@example.org,4,0,100
Richard Terry,butlerbeth@example.net,4,0,100
John Jackson,vargasbrett@example.org,4,0,100
Patricia Wade,johnchen@example.net,4,0,100
Amy Hill,kimberly81@example.com,4,0,100
Willie Tran,michaelmills@example.net,4,0,100
Janet Cortez,rhall@example.com,4,0,100
Matthew Sanders,berrythomas@example.net,4,0,100
Martin Long,donna84@example.com,4,0,100
Nicole Olson,hcontreras@example.com,4,0,100
Dustin Willis,janetbenson@example.net,4,0,100
Lisa James,millerdaniel@example.com,4,0,100
Brittany Foster,scottroberts@example.net,4,0,100
Amy Nelson,littlejoe@example.net,4,0,100
Joan Johnson,trasmussen@example.net,4,0,100
Julie Lutz,jacob10@example.net,4,0,100
Andrew Bishop,williamsveronica@example.net,4,0,100
Barbara Solomon,jessica69@example.org,4,0,100
Natasha Smith,carlsonwesley@example.com,4,0,100
Pamela Anderson,trichardson@example.net,4,0,100
Autumn Johnson,mary28@example.net,5,0,100
Jordan Grimes,ymoore@example.net,5,0,100
Jack Martin,julie37@example.com,5,0,100
Tina Fischer,trodriguez@example.com,5,0,100
Elizabeth Nunez,callahantimothy@example.com,5,0,100
Maria Ellis,justin39@example.com,5,0,100
Tina Fischer,trodriguez@example.com,5,0,100
Paul Nelson,jameskirk@example.com,5,0,100
Tina Fischer,trodriguez@example.com,5,0,100
Joshua Fox,reedlatoya@example.net,5,0,100
Jordan Grimes,ymoore@example.net,5,0,100
Tina Fischer,trodriguez@example.com,5,0,100
Kevin Coleman,johnstanley@example.net,5,0,100
Maria Ellis,justin39@example.com,5,0,100
Lisa Taylor,wharris@example.net,5,0,100
Lisa Lawson,hernandezaudrey@example.org,5,0,100
Kathy Carpenter,calvin65@example.com,5,0,100
Paul Nelson,jameskirk@example.com,5,0,100
Jack Martin,julie37@example.com,5,0,100
Matthew Ray,sullivanstacey@example.com,5,0,100
Vanessa Harris,travis38@example.net,5,0,100
Linda Reeves,meganallen@example.com,5,0,100
Carla Powers,janetcampbell@example.org,5,0,100
Melissa Dillon,bcook@example.com,5,0,100
Vanessa Harris,travis38@example.net,5,0,100
Randy Chan,dale70@example.net,5,0,100
Tammy Baird,isparks@example.net,6,0,100
Reginald Douglas,moyerolivia@example.net,7,0,100
Reginald Douglas,moyerolivia@example.net,7,0,100
