member #,member name,submission #
10,Melissa Matthews,1
250,Jacob Mitechell,2
2083,Christopher Taylor,2
2753,Carrie Stone,3
2281,Nicole Olson,5
1397,Reginald Douglas,5
1862,Todd Scott,5
469,Jesse Donaldson,5
2259,Carla Powers,6
2477,Joan Johnson,6
2705,Tammy Benitez,7
2610,Jason Brown,8
1732,Michael Cruz,8
582,Angela Burke,9
1094,Shelley Smith,9
1985,Thomas Ortega,10
1397,Reginald Douglas,11
1323,Karen Powers,11
144,Autumn Johnson,12
2431,Joshua Ponce,12
875,Cynthia Pena,12
2503,Dr. Chad,12
1597,Renee Anderson,13
186,Abigail Miller,13
1093,Tiffany Miller,14
661,Jessica Wheeler,15
1610,James Wolfe,18
1243,Steven Hooper,18
2357,Ashley Smith,19
2186,Sara Scott,19
1793,Anthony Myers,21
2475,Savannah Wiley,21
22,Michael Smith,22
1225,Maria Ellis,22
1395,Kristopher Price,23
1922,Paul Perez,23
2577,Sarah Richardson,23
2122,James Griffin,23
1782,Gabriel Gonzales,24
102,Rebecca Clark,24
2689,Erik Roy,25
1181,Mike Stevens,25
856,Curtis Jones,25
2764,Christine Lewis,25
1644,Michael Guzman,27
212,Faith Ferrell,27
66,Eric Benitez,27
1189,Zachary Mullen,27
61,Mark Williams,28
2606,Rebecca Thomas,28
375,Daniel Larson,28
2078,Jessica Mcbride,28
1314,Brian Contreras,29
899,Dalton Morgan,29
1804,Allison Espinoza,30
2489,Jessica Flynn,30
1053,Lauren Thompson,30
2639,Paul Harris,30
2394,Daniel Rojas,31
1061,Jane Cook,31
358,Kathryn Martinez,31
2317,Melissa Bishop,31
280,Aaron Carroll,32
1536,William Miller,32
494,Vincent Campbell,33
2558,Chelsey Barber,33
581,Ivan Swanson,33
2041,Debra Cruz,33
810,Shelia Oconnell,34
542,Anthony Berry,34
2285,Mr. Tony,34
371,Kevin Porter,34
2527,Patricia Rodriguez,35
1485,Nicholas Sullivan,35
1596,Jessica Williams,35
317,Sandra Archer,35
476,Phyllis Frank,36
487,Kristen Miller,36
1261,Lisa Taylor,37
1478,Steven Lutz,37
554,Jason Tanner,38
497,Christine Barker,38
801,Tabitha Cannon,39
666,Caitlyn Shaw,41
1260,Grant Johnson,41
1748,Jessica Garrison,41
1836,Leah Martinez,41
2352,Matthew Holloway,42
2180,Amy Hill,43
716,Rachel Payne,43
2370,David Sandoval,44
1392,Jonathan Gonzalez,44
2220,Alexandra Cunningham,45
2740,Travis Johnson,45
1922,Paul Perez,46
1976,Raven Taylor,46
2104,Karen Allen,46
159,Kathryn Vang,46
2025,Jennifer Franco,47
1594,Ricardo Austin,47
2690,Betty Soto,48
1312,Emily Farmer,48
115,Tanya Hopkins,49
2625,Joshua Becker,50
484,Steven Salazar,50
1425,Michael Hill,51
738,Samantha Villarreal,51
1787,Lori Glover,51
59,Kristen Ward,51
2067,Roger Mclean,52
2478,Sara Jones,52
226,Kristy Lopez,52
2107,John Joseph,52
1792,Warren Reed,53
116,Judy Guerrero,54
2647,Joshua Reed,55
1256,Jordan Hall,55
1067,Jordan Grimes,55
1382,Terry Rivera,55
55,Ross Davenport,57
380,Bradley Armstrong,58
258,Brandon Key,58
206,David Larson,58
1163,James Short,58
762,Sydney Reyes,59
933,Robert Cantrell,59
896,Jason Steele,59
1563,Anthony Butler,59
1697,Troy Smith,60
663,Robert Branch,60
2132,Johnny Woods,60
2066,Steven Griffin,60
71,Ruben Kaiser,61
2023,Denise Brown,61
952,Erin Reed,62
624,Brandon Foster,62
2458,Gregory Rose,63
2651,Pamela Anderson,63
1418,John White,65
694,Brandy Collins,65
2484,Jamie Hicks,66
1641,Erika Castaneda,66
2240,Brandon Kennedy,66
2067,Roger Mclean,66
236,Jeffrey Anderson,67
2051,Theresa Reynolds,67
814,Peter Gonzalez,68
1653,Joshua Davis,68
1235,Tamara Wagner,69
2098,Brittany Gray,69
273,David Henderson,69
2184,Jeffrey Gonzalez,69
48,Daniel Dunn,71
1002,Jose Murphy,71
47,Ryan Woods,71
1145,Kevin Orr,71
2297,Rick Davis,72
1000,Walter Underwood,73
429,Brandon Sanders,73
1821,Cristina Hawkins,73
576,Jaime Brown,73
338,Thomas Baker,74
2747,Angel Webb,75
1229,Anthony Johnson,75
633,David Clark,75
1891,Bruce Williams,75
246,Tara Davis,77
927,Angela Diaz,77
2394,Daniel Rojas,78
2477,Joan Johnson,78
2651,Pamela Anderson,78
2042,Caleb Watson,78
2665,Karen Carpenter,79
2427,Michael Lee,79
1008,Joshua Fox,80
2126,Michael Ramirez,80
1596,Jessica Williams,81
222,Jaime Gaines,81
2353,Helen James,81
617,Sydney Booth,81
1866,Ryan Fields,82
1833,Mary Collins,82
32,Kathy Hernandez,83
259,Kristen Turner,83
1519,Richard Francis,83
1681,Alexandra Stephenson,83
2665,Karen Carpenter,84
140,Kathy Bailey,84
763,Eric Hurley,84
2288,Joshua Garcia,84
581,Ivan Swanson,85
373,Kathryn Jackson,85
1224,Stephen Haas,85
1843,Maria Moore,85
2258,Dr. Ryan,87
2752,Shawn Wheeler,88
1205,Ryan Smith,88
57,Misty Vega,88
374,Brianna Williams,88
555,Don Anderson,89
363,Mary Torres,89
520,David Martinez,91
2724,Melissa Dillon,92
1170,Tina Fischer,93
473,Jonathan Watson,93
870,Joseph Barrett,94
655,Christine Herrera,96
1479,Christina Kim,96
1567,Alfred Woodward,97
2142,Brian Dunn,97
1658,Joseph King,98
1268,Kathy Carpenter,99
1292,Tracey Cox,99
764,Renee Reid,101
2194,Linda Reeves,101
629,Shannon Mckenzie,102
1942,Tanya Martin,102
910,Emily Acosta,104
547,Julie Ellis,104
1543,Scott Coleman,104
1999,Matthew Ray,104
546,Todd Hernandez,105
1659,Edward Miller,106
2483,Christopher Hall,106
2298,Billy Hudson,106
2219,Suzanne Brown,106
42,Katie Cohen,107
1552,Bailey Mcneil,107
389,Mark Jones,107
1825,David Mcdonald,107
622,Shane Nunez,108
741,Thomas Paul,108
2254,Martin Fisher,109
2002,Elizabeth Sparks,109
1382,Terry Rivera,109
2467,Cody Hancock,109
2312,Caroline Martinez,110
1345,Lauren Scott,112
1380,Julie Parsons,112
260,Robert Porter,113
1813,Susan Keller,114
2768,Kevin Holloway,114
2092,Erin Hardin,115
2720,Victoria Williams,115
842,Sarah Cummings,116
334,Benjamin Edwards,117
1517,Angelica Carr,117
411,Jeremy Gill,118
2538,Tanner Buchanan,118
2521,Jessica Fox,118
2289,Jennifer Waters,118
1863,Ryan Acevedo,119
2262,Jason Casey,120
2525,Dwayne Marsh,120
89,Jimmy Moore,120
1902,Kaitlyn Cruz,120
2559,Kristin Cooper,121
2224,Martin Long,121
635,Krista Lee,122
350,Julie Wallace,123
2221,Matthew Sanders,124
484,Steven Salazar,124
2360,Derek Booker,124
1374,Tammy Baird,124
1131,Mr. Nicholas,125
2166,Natasha Gilbert,125
2687,Karen Brooks,126
2599,Natasha Smith,126
2440,Christopher Wright,126
322,Lisa Taylor,126
2315,Dustin Willis,127
1134,Levi Jackson,127
1867,Kristen Thomas,127
701,Sarah Hines,127
155,Oscar Richard,128
1824,Robert Mays,128
2429,Ethan Gonzalez,128
1374,Tammy Baird,128
963,Paul Molina,129
1188,Kevin Coleman,129
80,Adam Chan,129
2110,Steve Alvarez,129
2538,Tanner Buchanan,130
1434,Cory Brown,131
1863,Ryan Acevedo,131
1782,Gabriel Gonzales,132
737,Elizabeth Nunez,132
110,Kelsey Williams,133
40,Kyle Perry,133
1993,Alicia Hicks,133
2730,Sue Smith,133
2672,David Gonzales,134
1251,Ashley Martin,134
1384,David Compton,134
1510,Dr. Andrew,134
2585,Matthew Thomas,135
558,Michael Villarreal,135
943,Thomas Parks,135
1375,Jacqueline Patton,135
2172,Rachel Woodard,136
2407,Amy Nelson,136
550,Jonathan Brown,136
821,Mr. Charles,136
776,John Wilson,137
199,Cory Boyd,137
625,Jacqueline Keller,137
2201,Willie Tran,137
1055,Mr. Charles,139
1612,Kristina Richards,139
1152,Christopher Diaz,140
2208,Barbara Oconnell,141
1374,Tammy Baird,142
2015,William Holland,142
1992,Jorge Gibson,142
2260,Donna Lynch,142
2789,Edward Kelley,143
552,Sarah Owen,143
2442,Philip Smith,143
635,Krista Lee,143
1962,Manuel Walsh,144
730,Lindsey Sanchez,144
1005,Teresa Williams,144
2042,Caleb Watson,144
406,George Evans,145
274,Sarah Bryant,146
665,Christopher Brooks,146
2132,Johnny Woods,146
2516,Sherry Rodriguez,146
585,Brian Hawkins,147
2760,Daniel Roberts,147
372,Carl Romero,148
404,Harold West,148
963,Paul Molina,149
508,Kelsey Lang,149
1179,Michael Watkins,149
2305,Roger Nelson,149
1676,Susan Jones,150
1707,Whitney Barnett,150
1999,Matthew Ray,151
2661,Robert Snow,151
2729,Russell Lane,151
2772,Holly Lang,151
1518,Scott Sloan,152
1348,Mr. Jacob,152
555,Don Anderson,153
551,William Perkins,153
688,Todd Allen,154
1868,Tara Perez,154
954,David Stephens,154
1953,Stephen Fox,154
472,Rachael Johnson,155
708,Thomas Vasquez,155
262,Ryan Edwards,156
1314,Brian Contreras,157
374,Brianna Williams,157
2208,Barbara Oconnell,157
2528,Andrew Bishop,157
1067,Jordan Grimes,158
1042,Karla Ochoa,158
485,Ashley Woodward,158
387,Hannah Flores,158
1539,Ruben Navarro,159
1006,Nicole Alvarado,160
630,Tanya Mcdonald,161
141,Christopher Bradley,161
2564,Brittany Dickerson,161
1838,James Jones,161
2233,Crystal Sanders,162
2311,Brittany Kennedy,163
1423,Anna Kerr,163
155,Oscar Richard,164
1326,Blake Gross,164
343,Kathy Wilson,165
1261,Lisa Taylor,165
1493,Abigail Diaz,165
2564,Brittany Dickerson,165
2608,Renee Reid,166
43,Anthony Collins,166
2124,John Young,166
485,Ashley Woodward,166
1517,Angelica Carr,167
1851,Danielle Stewart,167
901,Karen Hamilton,168
199,Cory Boyd,168
1462,Mallory Reyes,169
1641,Erika Castaneda,169
1122,Todd Jones,169
1374,Tammy Baird,169
2027,Stephanie Ellis,170
286,Carol Mckay,170
796,Jacob Craig,170
845,Adam Kelley,170
2727,Katherine Powers,171
243,Kayla Anderson,172
2018,John Huber,173
261,David Johns,174
474,Lindsay Russell,175
1170,Tina Fischer,175
630,Tanya Mcdonald,176
1674,Debra Jordan,177
281,Kelly Richards,178
985,Richard Leonard,179
127,Brad Foster,180
57,Misty Vega,180
1737,Jimmy Carr,180
2440,Christopher Wright,180
71,Ruben Kaiser,181
4,Rebecca Lewis,182
1820,Rachel Jones,182
2195,Zachary Donovan,182
763,Eric Hurley,182
1326,Blake Gross,183
1014,Brenda Perry,183
2293,Dale Richards,183
1166,Ashley Waters,183
971,Brian Lamb,184
1119,Jennifer Cook,184
773,Thomas Lee,185
2260,Donna Lynch,185
370,Mr. Joseph,187
196,Charles Mason,187
1000,Walter Underwood,187
2134,Brian Donovan,187
1944,Audrey Benjamin,188
591,Christina Gonzalez,189
1176,Kathy Williams,189
2171,Michael Fernandez,190
1539,Ruben Navarro,190
1026,Renee Pham,190
1755,Laura Edwards,190
822,Jerry Merritt,191
1033,Timothy Ramirez,191
799,Lindsay Andrews,191
2191,Maureen Lopez,191
2180,Amy Hill,192
1916,Joseph Mckinney,192
2723,Molly Delgado,192
1030,John Calhoun,192
805,Christopher Williams,193
116,Judy Guerrero,193
78,Nicholas Doyle,194
2740,Travis Johnson,195
2259,Carla Powers,196
1108,Jose Peters,196
777,Maria Rogers,197
1262,Alejandra Garrison,197
930,Stephanie Cruz,198
448,Tina Wright,198
2365,Benjamin Miller,199
2059,Todd Todd,199
2051,Theresa Reynolds,199
1119,Jennifer Cook,199
2505,Mrs. Nicole,200
1283,John Doyle,200
2530,William Wright,200
712,Michael Hudson,200
2098,Brittany Gray,201
2074,Jenna Curtis,201
1650,Karen Montgomery,202
2535,Gregory Smith,202
1392,Jonathan Gonzalez,202
2214,Emma Willis,202
2310,Tanya Johnston,204
1363,Brian Mendez,204
1081,Jason Rodriguez,205
1007,Cindy Arnold,206
1397,Reginald Douglas,206
2264,Zachary Edwards,207
564,Anne Cox,207
2308,April Taylor,207
550,Jonathan Brown,207
2533,William Bailey,208
2225,Bryan Stewart,208
285,John Ellis,208
384,Timothy Harris,208
1760,Molly Steele,209
2432,Adam Martin,209
2259,Carla Powers,209
2201,Willie Tran,209
743,Leslie Mejia,210
2204,Dr. Matthew,210
1357,Charles Martinez,210
2286,Sara Brown,210
2278,Raymond Rosales,211
2648,Kara Tyler,211
2504,Michelle Munoz,212
2354,Beverly Lewis,212
2018,John Huber,212
1516,Alyssa Martinez,212
1958,Katie Russell,213
921,Stephen Johnson,213
1915,Kevin Miles,214
125,Andrea Wells,214
1832,Joshua Reyes,215
1335,Thomas Pineda,215
1799,Jessica Campbell,215
1348,Mr. Jacob,215
2756,Randy Chan,216
2659,Donna Brown,216
1403,Michael Yu,216
1681,Alexandra Stephenson,216
806,Dominique Salinas,218
641,Christina Torres,218
2224,Martin Long,218
901,Karen Hamilton,218
2284,Justin Snyder,219
1359,Robert Knox,219
452,Jared Larson,219
1924,Donna Orr,219
2128,Patricia Wade,220
1166,Ashley Waters,220
516,Heather Bates,221
1610,James Wolfe,221
1397,Reginald Douglas,222
845,Adam Kelley,222
2745,Ann Boyd,225
1864,Jenna Friedman,226
606,Henry Nguyen,226
261,David Johns,226
1977,David Pierce,226
1634,David Warren,227
2503,Dr. Chad,228
474,Lindsay Russell,228
1117,Mr. Gregory,229
1847,Joseph Owens,229
1089,Jennifer Lynch,229
2365,Benjamin Miller,229
1266,Laura Bailey,230
1606,Charlotte Wall,230
2195,Zachary Donovan,230
1796,Richard Gregory,230
1924,Donna Orr,231
4,Rebecca Lewis,231
1871,Tiffany Miller,231
2470,Tracey Baker,231
2520,Jesse Martin,232
2154,Nicholas Payne,232
496,Paul Mcdonald,233
1877,Daniel Madden,233
2517,Julie Lutz,233
949,Daniel Jackson,233
1657,Hannah Guerrero,235
1563,Anthony Butler,235
1360,Benjamin Maynard,236
2320,Brittany Brown,236
1909,Karen Mcdonald,236
2575,Luis Miles,236
542,Anthony Berry,237
352,Mary Gonzales,238
804,Victoria Kim,238
2540,Jessica Edwards,238
389,Mark Jones,238
1545,Daniel Woods,239
1273,Michael Potts,239
990,Robert Cunningham,240
2047,Catherine Garrison,240
386,Alex Johnson,240
2580,Louis Chavez,240
2386,Catherine Mack,241
1542,Frank Simon,241
2760,Daniel Roberts,241
1500,Karina Curtis,241
379,Yvette Barnett,242
785,Jordan Conner,243
1687,Brooke Miles,244
2339,Sara Weiss,244
1956,Austin Fisher,245
2259,Carla Powers,245
1377,Emma Salazar,246
392,Maria Medina,247
270,Stephanie Baker,247
1510,Dr. Andrew,248
80,Adam Chan,248
2357,Ashley Smith,249
1301,Juan Stone,250
77,Gregory Garcia,250
511,Shane Moreno,251
2369,Alexis Vincent,251
2535,Gregory Smith,252
2136,Michael Shaffer,252
2199,Ralph Robles,252
1183,Daniel Thomas,252
265,Kimberly Reyes,253
262,Ryan Edwards,253
501,Nicholas Kennedy,253
2721,James James,253
1458,Heather Jones,254
1111,Anthony Garcia,254
144,Autumn Johnson,255
705,Brittany Lee,255
707,Rebecca Alexander,255
1204,Stacy Ramos,255
2282,Timothy Anderson,256
1584,Adam Peterson,256
144,Autumn Johnson,256
331,Tyler Smith,256
1008,Joshua Fox,257
2705,Tammy Benitez,257
1708,Kevin Fields,258
2424,Paul Jackson,259
1073,Robert Solomon,260
2333,Cynthia Horton,260
1397,Reginald Douglas,260
960,Kenneth Garcia,260
242,Mr. David,261
343,Kathy Wilson,261
497,Christine Barker,261
1912,Debbie Smith,261
286,Carol Mckay,263
874,Scott Simpson,263
1004,Vanessa Herman,265
1506,Colleen Weaver,265
2351,Jeanette Ford,265
2078,Jessica Mcbride,265
1999,Matthew Ray,266
1915,Kevin Miles,266
1295,Matthew Hughes,266
1886,Christy Smith,266
1363,Brian Mendez,267
2533,William Bailey,267
2017,Lindsay Bond,268
255,Jonathan Long,268
2162,Brian Rivera,270
395,Melissa Johnson,270
1513,Michael Mitchell,271
1149,Holly Campbell,271
1451,Lawrence Erickson,272
701,Sarah Hines,272
1987,Matthew Nguyen,273
525,Katherine Barnes,273
762,Sydney Reyes,274
368,Casey Bailey,274
1574,Eric Alexander,274
1565,Christopher Lane,274
767,Dr. Chad,275
1368,James Cisneros,275
1112,James Payne,276
2461,Virginia Harrington,276
2362,Lindsay Roberts,276
2002,Elizabeth Sparks,276
2651,Pamela Anderson,277
2056,Sarah Martin,277
2237,Jesus Mcgee,278
1084,Brett George,278
2540,Jessica Edwards,279
2591,Latasha Jenkins,279
2209,Benjamin Banks,281
927,Angela Diaz,281
1127,Amber Eaton,283
1067,Jordan Grimes,285
2366,Gerald Walker,285
466,Hayley Mcdowell,285
1940,John Lyons,285
2477,Joan Johnson,286
1965,Vincent Yang,286
2651,Pamela Anderson,287
2546,Valerie Hill,288
546,Todd Hernandez,288
168,Heather Gonzalez,288
1657,Hannah Guerrero,288
762,Sydney Reyes,289
2307,Lynn Freeman,290
2745,Ann Boyd,290
2733,Sharon Allen,291
1815,Angela Wilson,292
1933,Gordon Cruz,292
2598,Matthew Bailey,292
1357,Charles Martinez,292
104,Katherine Hines,293
1075,Shelly Flowers,294
2392,David Lopez,294
2185,Janice Wiggins,295
2192,Tyler Blair,295
1672,Catherine Jennings,295
2401,Lance Lopez,295
2662,Jeffery Serrano,296
204,Cheryl Smith,296
2637,Janet Fernandez,297
2529,John Martinez,297
1697,Troy Smith,297
429,Brandon Sanders,297
245,Laurie Klein,298
1557,Matthew Martin,298
806,Dominique Salinas,299
1220,Katherine Powers,299
2040,Mary Pitts,299
1886,Christy Smith,299
14,Brandon Reynolds,300
1954,William Ewing,300
496,Paul Mcdonald,301
2157,Jeremy Aguilar,301
2619,Kelsey Payne,302
1555,Travis Miller,302
265,Kimberly Reyes,302
2281,Nicole Olson,302
490,Joyce Garrett,303
2517,Julie Lutz,303
2492,Roberto Silva,303
1144,Julia Moss,303
609,Bonnie Friedman,304
1725,Drew Jones,304
783,Lisa Myers,305
1773,Jason Martinez,305
116,Judy Guerrero,307
663,Robert Branch,308
2736,Stacey Gilmore,309
312,John James,309
2788,Kristina Anderson,310
2306,John Page,310
2188,Catherine Wilson,310
2147,Jose Simmons,310
2238,Barbara Graham,312
2201,Willie Tran,312
591,Christina Gonzalez,312
204,Cheryl Smith,312
1862,Todd Scott,313
1319,Oscar Fuentes,314
1424,Eric Spencer,314
2128,Patricia Wade,314
1654,Danielle Patel,314
1424,Eric Spencer,315
957,Jennifer Blanchard,315
730,Lindsey Sanchez,315
1294,Micheal Gentry,315
1956,Austin Fisher,316
698,Jordan Chang,316
2326,Andrea Hines,316
2077,Lynn Taylor,316
2380,Ethan Perez,317
207,Randy Schwartz,317
293,Kayla Reyes,319
958,Daniel King,319
1819,Michael Harris,321
1321,Jeremy Roberson,322
423,Julie Fields,323
1778,Jared Young,324
2544,Caitlin Lucero,324
2209,Benjamin Banks,324
2146,Laurie Lee,324
1458,Heather Jones,325
190,Matthew Phelps,325
484,Steven Salazar,326
255,Jonathan Long,326
2384,John Collins,327
2727,Katherine Powers,327
2764,Christine Lewis,327
1935,Andrea Stewart,327
1403,Michael Yu,328
491,Julia Dennis,331
713,Dana Peterson,331
1007,Cindy Arnold,332
1204,Stacy Ramos,333
1679,Jonathan Casey,333
2053,Linda Stephens,334
1588,Malik White,334
1559,Mark Decker,334
125,Andrea Wells,334
403,Charles Harvey,335
1188,Kevin Coleman,335
270,Stephanie Baker,336
303,Jennifer Gomez,336
2701,Sara Rowe,336
1602,Misty Wagner,336
1274,Jerry George,337
190,Matthew Phelps,337
662,Julia Jones,338
2734,Robert King,338
1264,Lisa Lawson,338
2486,Samuel Hicks,338
1897,Dr. Anthony,339
1329,James Bonilla,340
2207,Janet Cortez,340
2450,Kerry Park,341
979,Christina Garrett,341
2662,Jeffery Serrano,341
472,Rachael Johnson,341
2185,Janice Wiggins,342
2174,Shane Green,342
752,John Crawford,343
1826,Shannon Smith,343
406,George Evans,343
372,Carl Romero,343
706,April Boyd,344
2584,Jacob Taylor,344
1079,Robert Buchanan,344
2180,Amy Hill,344
1332,Jason Carlson,346
1168,Jennifer Villarreal,347
1397,Reginald Douglas,347
1338,Marissa Kim,347
1473,Larry Tran,347
674,Amy Alexander,348
73,Mindy Lawson,348
1542,Frank Simon,348
2734,Robert King,348
2381,Charles Huerta,350
1537,Darrell Brown,351
966,Alan Morrison,351
1030,John Calhoun,353
1667,Charles Koch,353
232,Susan Miller,354
2035,Kristina Liu,354
598,Sharon Hale,355
520,David Martinez,355
483,Joshua Wilson,356
912,Norma White,357
698,Jordan Chang,357
1374,Tammy Baird,358
2369,Alexis Vincent,358
264,James Black,358
1735,Larry Martinez,358
2674,Monique Walker,359
2563,Marcus Riley,360
2749,Lauren Schaefer,360
1544,Joshua Dennis,362
703,Joann Guerrero,362
2787,Tracy Pratt,362
741,Thomas Paul,362
1541,Michael Berry,363
2341,Brittany Foster,364
1113,Carl Ward,364
219,Scott Bradley,366
516,Heather Bates,366
1476,Samuel Brown,367
2562,Barbara Solomon,367
2061,Alan Blanchard,368
1709,Paul Nelson,368
1962,Manuel Walsh,369
2091,Stephanie Spencer,369
857,Michael Moore,369
2521,Jessica Fox,369
1891,Bruce Williams,370
2194,Linda Reeves,370
844,Laura Cox,370
1084,Brett George,370
1688,Deanna Benson,371
1204,Stacy Ramos,371
2281,Nicole Olson,371
2701,Sara Rowe,371
1478,Steven Lutz,372
557,Joshua Campbell,372
1846,Amanda Parker,373
2456,Rebecca Roy,373
2502,Timothy Burgess,373
2725,Kevin Delgado,373
1911,Olivia Austin,374
600,Lorraine Schroeder,375
1215,Isabel Sanchez,375
617,Sydney Booth,375
1096,Paul Holmes,375
717,Michael Roth,376
296,Alex George,376
1222,April Brewer,376
49,April Reyes,376
2724,Melissa Dillon,377
920,Joseph Moran,377
756,David Johnson,378
1821,Cristina Hawkins,378
1706,Kevin Madden,378
1247,Colin Braun,378
865,Caleb Rich,379
1731,Kevin Valdez,379
1818,Danielle Campbell,379
1909,Karen Mcdonald,379
633,David Clark,380
2688,Jay Fox,380
89,Jimmy Moore,380
393,Brandon Chavez,380
1453,Monica Smith,381
2669,Daniel Jones,381
2337,Lisa James,381
2224,Martin Long,381
47,Ryan Woods,383
2715,Rebecca Baldwin,383
930,Stephanie Cruz,383
2602,Ashley Larson,383
1944,Audrey Benjamin,384
5,Andrew Hobbs,384
2380,Ethan Perez,384
2742,Robert Williamson,384
1933,Gordon Cruz,385
515,Amanda Payne,385
441,Joseph Case,385
2178,Kyle Collins,385
1011,Kevin Jenkins,386
2567,Michelle Carter,386
1097,Harold Davis,386
2104,Karen Allen,386
1563,Anthony Butler,387
2219,Suzanne Brown,387
2371,James Ward,387
652,Amy Stone,387
2337,Lisa James,388
2073,Brent Jackson,388
899,Dalton Morgan,388
1268,Kathy Carpenter,388
183,Connie Garza,389
1041,Brian Palmer,389
1932,Kimberly Pena,389
2586,Brittney Mckay,389
1365,Christopher Dunn,390
1506,Colleen Weaver,390
1569,Natalie Wilkerson,390
2604,George Simon,390
187,Joseph Singleton,391
1906,Isabella Boyd,391
1487,Taylor Garcia,393
1178,Tyler Nelson,394
2341,Brittany Foster,395
2531,Johnathan Ward,395
1644,Michael Guzman,396
2362,Lindsay Roberts,396
2317,Melissa Bishop,396
226,Kristy Lopez,396
1934,Krystal Delgado,397
1133,Kelly Ruiz,397
2064,Krista Dawson,397
1032,Karen Simon,397
1487,Taylor Garcia,398
2511,Cory Moore,398
1855,Amanda Brady,399
83,Annette Morris,399
373,Kathryn Jackson,399
2734,Robert King,399
1266,Laura Bailey,400
1694,Robert Cruz,400
2531,Johnathan Ward,400
869,Paul Harmon,400
1437,Nathaniel Hernandez,401
2544,Caitlin Lucero,401
951,Cory Rivas,401
2298,Billy Hudson,401
1602,Misty Wagner,402
132,Linda Best,402
2233,Crystal Sanders,402
178,Regina Hernandez,402
688,Todd Allen,403
835,Curtis Stevens,403
121,Rebecca Thomas,403
1208,Joseph Reyes,403
1380,Julie Parsons,404
1183,Daniel Thomas,404
1584,Adam Peterson,404
340,Janet Diaz,404
537,Elizabeth Mills,405
876,Todd Stewart,405
2630,Nicole Young,406
2101,Breanna Salas,406
2710,Dr. Heather,406
2541,Michelle Johnson,406
2207,Janet Cortez,407
1518,Scott Sloan,407
2637,Janet Fernandez,408
910,Emily Acosta,408
1709,Paul Nelson,408
2655,Julie Little,408
1614,Elizabeth Clark,409
1657,Hannah Guerrero,409
397,Alec Conner,410
2401,Lance Lopez,410
1172,Taylor Matthews,410
849,Raymond Watson,410
2496,Nancy Garcia,412
262,Ryan Edwards,412
876,Todd Stewart,412
2258,Dr. Ryan,412
952,Erin Reed,413
1500,Karina Curtis,413
2226,Kenneth Swanson,413
1916,Joseph Mckinney,413
1059,Benjamin Osborne,414
1294,Micheal Gentry,414
2339,Sara Weiss,414
115,Tanya Hopkins,414
1148,Thomas Harmon,416
180,Ann Greene,416
264,James Black,417
1821,Cristina Hawkins,417
204,Cheryl Smith,418
1106,Kathy Hernandez,418
437,Christopher Barrett,418
2534,Todd Harmon,418
2150,Eric Mills,419
1571,Brooke Taylor,420
586,Jason Martinez,420
1227,Jessica Hall,420
2200,Ricardo Winters,420
1985,Thomas Ortega,421
2194,Linda Reeves,421
462,Rebecca Williams,422
1090,Michelle Garner,422
1226,Eric Riley,423
1591,Thomas Johnson,423
206,David Larson,424
2527,Patricia Rodriguez,425
384,Timothy Harris,426
254,Monique Wallace,426
801,Tabitha Cannon,426
2417,John Ellis,426
1677,Meghan Mathews,427
2305,Roger Nelson,427
2655,Julie Little,430
1921,Tara Roach,430
510,Amber Alvarez,431
1054,Lori Wilson,431
913,Randall Martin,432
1312,Emily Farmer,432
415,John Wiggins,433
140,Kathy Bailey,433
1363,Brian Mendez,434
2217,Joanne Fletcher,434
55,Ross Davenport,435
1544,Joshua Dennis,435
1697,Troy Smith,436
2783,Amber Briggs,436
610,Priscilla Jones,436
2696,Laura Johnson,436
2758,David Price,437
403,Charles Harvey,437
1355,Jack Roach,437
2112,Brian Green,437
191,Jeffrey Sellers,438
2610,Jason Brown,439
701,Sarah Hines,439
1331,Melissa Johnson,440
864,Shelley Palmer,440
1702,Tamara Hartman,440
1955,Joseph Serrano,440
1469,Sheena Brown,442
1343,Harry Scott,442
1219,Cynthia Bryant,442
764,Renee Reid,442
2279,Joseph Bowen,443
1277,Christopher Mccoy,443
625,Jacqueline Keller,444
2518,Shannon Williams,445
2675,Leslie Walls,445
2800,Susan Campos,446
492,Alexander Burke,447
647,Joseph Frazier,447
2701,Sara Rowe,448
644,Mark Chapman,448
1445,Tanner Walker,448
118,Christopher Gonzalez,448
2333,Cynthia Horton,449
392,Maria Medina,449
2599,Natasha Smith,449
2337,Lisa James,449
2037,Judy Williams,451
325,Phyllis Salas,451
1695,Larry Jordan,451
2749,Lauren Schaefer,451
2601,Angela Dunn,452
59,Kristen Ward,452
1342,Mrs. Gail,452
1066,Mrs. Sarah,452
2646,Keith Hill,453
1334,Victoria Bell,454
2198,Edward Gordon,454
2126,Michael Ramirez,454
2699,Michael Lopez,454
899,Dalton Morgan,455
837,Tina Williams,455
615,April Osborn,455
1097,Harold Davis,455
1817,Andrew Cox,456
265,Kimberly Reyes,456
2541,Michelle Johnson,457
1709,Paul Nelson,457
43,Anthony Collins,458
2428,Ashley Elliott,458
924,Jennifer Hunter,458
2667,Rodney Wiley,458
175,David Keller,459
2146,Laurie Lee,459
1033,Timothy Ramirez,460
337,William Brown,460
461,Wesley Hull,461
737,Elizabeth Nunez,462
1351,Melissa Bridges,462
1032,Karen Simon,462
1944,Audrey Benjamin,462
1458,Heather Jones,463
393,Brandon Chavez,464
2019,Gerald Smith,464
121,Rebecca Thomas,465
1650,Karen Montgomery,466
1329,James Bonilla,466
1345,Lauren Scott,466
2565,Samuel Russo,466
1327,Gina Arellano,467
2529,John Martinez,467
622,Shane Nunez,467
1950,Maria Lindsey,467
1436,Spencer Delgado,468
241,Karen Clay,468
1973,John Foster,468
450,Gabriel Torres,468
884,Jeffrey Larsen,469
580,Jose Frazier,469
2534,Todd Harmon,469
1311,Natalie Whitney,469
1300,Brenda Burton,471
674,Amy Alexander,472
1784,Whitney Barnett,472
1794,Lee Nguyen,473
1560,Terrance Richardson,474
1999,Matthew Ray,474
378,Melanie Lester,475
1819,Michael Harris,475
2731,Seth Lambert,475
2656,Whitney Valenzuela,475
1039,Luis Mitchell,476
1583,Shirley Davis,476
1911,Olivia Austin,477
2250,Jennifer Camacho,477
697,Corey Reese,478
1283,John Doyle,478
188,Charles Jones,478
1709,Paul Nelson,478
1760,Molly Steele,480
2053,Linda Stephens,480
465,Dr. James,480
640,Ethan Lewis,480
775,Daniel Hall,481
732,Michelle Murphy,483
1570,Tasha Aguilar,483
1985,Thomas Ortega,484
1942,Tanya Martin,484
55,Ross Davenport,485
949,Daniel Jackson,486
856,Curtis Jones,486
1594,Ricardo Austin,487
242,Mr. David,488
1639,Brian Johnson,488
2771,Natalie Curtis,489
2400,Christopher Roth,490
2680,Sarah Figueroa,490
772,Kelly Bell,491
2128,Patricia Wade,491
783,Lisa Myers,491
2416,Ryan Brown,491
2451,Robert Bautista,492
1500,Karina Curtis,492
1687,Brooke Miles,492
1902,Kaitlyn Cruz,492
509,Brian Miller,493
2562,Barbara Solomon,493
1905,Alexander Bell,494
2327,Nicole Armstrong,495
1487,Taylor Garcia,495
2501,Jason Chambers,496
1793,Anthony Myers,496
431,Richard Gonzalez,496
1561,Tony Richardson,496
1987,Matthew Nguyen,497
870,Joseph Barrett,497
1630,Christopher White,497
1743,Jason Ramos,497
1544,Joshua Dennis,498
2195,Zachary Donovan,498
2388,Lindsey Rollins,498
897,Jason Johnson,498
1725,Drew Jones,499
1331,Melissa Johnson,499
2230,Natalie Reyes,499
83,Annette Morris,499
2486,Samuel Hicks,500
1644,Michael Guzman,500
1752,Matthew Moore,501
652,Amy Stone,501
666,Caitlyn Shaw,501
1485,Nicholas Sullivan,501
2781,Kimberly Carlson,502
2163,Eric Morgan,502
1632,Katie Russell,502
2750,Brittany Rivera,502
2212,Courtney Gross,504
2675,Leslie Walls,506
1889,Cody Montgomery,507
1654,Danielle Patel,507
1208,Joseph Reyes,507
2570,Pamela Thompson,507
1268,Kathy Carpenter,508
2599,Natasha Smith,508
2681,Alexander Hamilton,508
1684,Jacob Harrison,508
1894,Jason Garcia,509
1836,Leah Martinez,510
1554,Cindy Macias,511
1308,Jennifer Hernandez,512
2281,Nicole Olson,512
1936,Carly Ruiz,512
1011,Kevin Jenkins,512
395,Melissa Johnson,513
1916,Joseph Mckinney,513
930,Stephanie Cruz,513
1625,Heather Weber,513
2237,Jesus Mcgee,514
1016,Benjamin Taylor,514
1925,Richard Terry,514
857,Michael Moore,514
1118,Kathryn Davis,515
1004,Vanessa Herman,517
1170,Tina Fischer,517
1967,Steven Edwards,517
1630,Christopher White,517
941,Richard Leonard,518
98,Jennifer Morgan,518
1545,Daniel Woods,519
2049,Sarah Johnson,519
2679,Ricardo Morales,520
1710,Elizabeth Vasquez,520
1550,Norman Flores,520
2773,Cynthia Henson,520
716,Rachel Payne,521
1882,Eric Romero,521
2656,Whitney Valenzuela,521
1318,Larry Willis,521
225,Sherri Caldwell,522
2584,Jacob Taylor,522
2145,Jeffrey Jenkins,522
912,Norma White,522
2198,Edward Gordon,523
2062,Lisa Graham,523
2308,April Taylor,524
864,Shelley Palmer,524
2186,Sara Scott,524
717,Michael Roth,524
2508,Mary Sutton,525
2469,Peggy Smith,525
2368,Grant Murphy,525
2225,Bryan Stewart,525
2000,Justin Ward,526
43,Anthony Collins,526
845,Adam Kelley,527
2194,Linda Reeves,527
1161,Amanda Smith,527
216,Sierra Williams,527
2661,Robert Snow,528
2740,Travis Johnson,528
7,Jessica White,528
2313,James Dennis,528
1264,Lisa Lawson,529
1624,Dalton Guzman,529
1911,Olivia Austin,531
1132,Heather Mckenzie,532
785,Jordan Conner,532
1252,Matthew Hatfield,533
717,Michael Roth,533
1767,Shari Henry,534
811,Robin Sanders,534
1655,Michael Sanders,534
2279,Joseph Bowen,534
1051,Richard Mann,535
2379,Shane Nunez,535
470,Aaron Case,536
399,Kevin Winters,537
1006,Nicole Alvarado,537
1096,Paul Holmes,538
303,Jennifer Gomez,538
1115,Stephanie Thompson,539
1124,Jonathan Lindsey,539
2196,Abigail Vaughn,539
1029,Casey Yang,539
1862,Todd Scott,541
2699,Michael Lopez,543
2604,George Simon,543
98,Jennifer Morgan,544
1044,Jake Gonzalez,544
1180,Shari Jackson,544
2352,Matthew Holloway,544
2517,Julie Lutz,545
1846,Amanda Parker,546
2335,Ashlee Scott,546
2592,Derrick Gordon,546
492,Alexander Burke,546
2425,Jose Terry,547
1520,Christina Schultz,547
1249,Theresa Sharp,548
2789,Edward Kelley,549
619,Susan White,549
2089,Shawn Hendrix,549
1235,Tamara Wagner,549
542,Anthony Berry,550
2793,Kristi Hill,551
2729,Russell Lane,551
1015,Jessica Watson,552
2362,Lindsay Roberts,552
1135,Jacob Hodges,552
1518,Scott Sloan,552
815,Richard Montgomery,553
2731,Seth Lambert,553
2030,Erin Stone,553
1028,Jonathan Roth,553
1097,Harold Davis,554
1032,Karen Simon,554
294,Miranda Parker,554
2315,Dustin Willis,554
2360,Derek Booker,555
1906,Isabella Boyd,555
2000,Justin Ward,555
1424,Eric Spencer,555
2137,Alyssa Day,556
1630,Christopher White,556
842,Sarah Cummings,556
2492,Roberto Silva,556
1925,Richard Terry,557
1474,James Barker,558
737,Elizabeth Nunez,559
1773,Jason Martinez,559
2589,Sandra Weiss,559
1225,Maria Ellis,559
2703,Brian Mcpherson,560
615,April Osborn,560
1430,Laura Peterson,561
1739,Kathleen Wallace,562
821,Mr. Charles,562
1452,John Anderson,562
121,Rebecca Thomas,562
936,Justin Moore,563
2061,Alan Blanchard,563
404,Harold West,563
2143,Anthony Russell,563
1860,Michael Wells,564
40,Kyle Perry,564
619,Susan White,565
1207,Amanda Oliver,565
1895,George Abbott,565
361,Ann Flores,565
2756,Randy Chan,566
1795,John Mcclure,566
1521,Phyllis Perez,566
1090,Michelle Garner,566
1400,Elizabeth Lester,567
1268,Kathy Carpenter,567
1938,Carolyn Cook,567
1622,Connor Rodgers,567
467,Anthony Thomas,568
1333,Amy Gentry,568
1760,Molly Steele,569
707,Rebecca Alexander,569
2562,Barbara Solomon,569
2143,Anthony Russell,569
654,Keith Davis,570
450,Gabriel Torres,570
1462,Mallory Reyes,571
1574,Eric Alexander,571
2046,Amanda Kim,572
1261,Lisa Taylor,572
1959,John Jackson,573
1753,Samuel Henry,573
2506,Christopher Miller,573
1355,Jack Roach,573
2291,Chris Martin,574
2254,Martin Fisher,574
1245,Nathan Cox,575
1044,Jake Gonzalez,575
2511,Cory Moore,576
243,Kayla Anderson,578
2586,Brittney Mckay,579
319,Miranda Terry,579
1465,Tracy Smith,579
439,Mr. David,579
1634,David Warren,580
976,Holly Clark,581
2604,George Simon,582
1320,John Nguyen,582
107,Mrs. Chelsea,582
2207,Janet Cortez,582
1283,John Doyle,583
2342,Melissa Pitts,583
2421,Linda Waters,583
2085,Gary Brown,583
358,Kathryn Martinez,585
1755,Laura Edwards,585
1344,Sandra Ellis,586
1264,Lisa Lawson,586
1374,Tammy Baird,587
399,Kevin Winters,587
2585,Matthew Thomas,587
860,Jason Thomas,587
1787,Lori Glover,588
2379,Shane Nunez,589
2782,Sandra Rodriguez,590
2072,Whitney Riggs,590
895,Jonathan Moore,590
2537,Judy Benjamin,590
472,Rachael Johnson,591
2521,Jessica Fox,591
2670,Joseph Romero,591
333,Felicia Miller,591
1912,Debbie Smith,592
1812,Mark Lloyd,593
1142,Cassie Kramer,593
2223,Angel Wood,594
1456,Brenda Smith,594
2016,Ethan Rice,595
2052,Donald Baker,596
2755,Holly Allen,597
2547,Jordan Armstrong,597
2131,Jennifer Cook,598
2689,Erik Roy,598
2632,Jared Goodwin,598
2237,Jesus Mcgee,598
286,Carol Mckay,599
1534,Sarah Walker,599
902,Michael Walker,599
2242,Mary Gibson,599
1213,Kyle Bentley,600
141,Christopher Bradley,600
1971,Jack Martin,600
1417,Tiffany Byrd,600
1868,Tara Perez,601
2150,Eric Mills,601
1404,Andrew Flores,602
1216,Tracey Navarro,602
1690,Scott Bird,602
2082,Heather Cruz,602
2389,Joseph Robbins,603
2743,Kathleen Harris,604
1287,Tonya Nunez,604
1787,Lori Glover,605
1446,Raymond Stone,605
741,Thomas Paul,605
142,Dr. Luis,605
2294,Michael Warren,606
966,Alan Morrison,606
471,Jennifer Johnson,606
1067,Jordan Grimes,606
549,William Briggs,607
191,Jeffrey Sellers,607
372,Carl Romero,607
2526,Travis Baird,607
1925,Richard Terry,608
29,Erica Smith,608
2221,Matthew Sanders,608
470,Aaron Case,608
1574,Eric Alexander,609
1886,Christy Smith,610
562,Kimberly Marshall,610
1205,Ryan Smith,610
2356,Joseph Reyes,610
1210,David Maldonado,611
2328,Kathleen Bradley,611
1128,Barry Padilla,611
1351,Melissa Bridges,611
924,Jennifer Hunter,612
121,Rebecca Thomas,613
383,Shawn Gibson,613
2156,Jody Washington,614
2379,Shane Nunez,615
865,Caleb Rich,616
703,Joann Guerrero,617
2165,Carol Fisher,617
2249,Victor Flores,617
1825,David Mcdonald,617
2419,Elizabeth Moore,618
2465,Robert Harris,618
1611,Ashley Macdonald,619
1122,Todd Jones,620
557,Joshua Campbell,621
2143,Anthony Russell,621
2081,David Valenzuela,622
1356,Carla Merritt,623
2764,Christine Lewis,623
2478,Sara Jones,624
2125,Francisco Lloyd,625
2724,Melissa Dillon,625
686,Christina Burton,625
2317,Melissa Bishop,625
2648,Kara Tyler,626
1977,David Pierce,626
2117,Benjamin Petersen,626
2507,Jaime Cooper,626
2646,Keith Hill,627
210,Ronald Jackson,627
1004,Vanessa Herman,627
289,Tina Bridges,627
1300,Brenda Burton,628
2258,Dr. Ryan,628
2590,Jennifer Dominguez,629
349,Mrs. Audrey,629
2172,Rachel Woodard,630
2292,Timothy Williamson,631
2425,Jose Terry,632
1333,Amy Gentry,632
2528,Andrew Bishop,632
211,Kevin Combs,632
1323,Karen Powers,633
1677,Meghan Mathews,633
2640,Michael Rowe,633
282,Debbie Blair,633
102,Rebecca Clark,634
705,Brittany Lee,634
646,Kelly Rodriguez,634
2165,Carol Fisher,634
2775,Sharon Wilkinson,635
1111,Anthony Garcia,635
2526,Travis Baird,636
1577,Cheryl Anderson,636
1216,Tracey Navarro,636
1513,Michael Mitchell,636
1448,Donna Huynh,637
2753,Carrie Stone,637
545,Jessica Smith,637
231,Jamie Larson,637
971,Brian Lamb,638
1591,Thomas Johnson,638
2229,Kenneth Lewis,638
1160,Kristen Hansen,638
461,Wesley Hull,639
2372,Mr. Craig,639
2790,Adam Nash,639
1342,Mrs. Gail,639
857,Michael Moore,640
99,Patricia Evans,640
337,William Brown,641
1708,Kevin Fields,641
2315,Dustin Willis,641
1835,Christopher Rodriguez,641
1947,Melissa Hall,642
2747,Angel Webb,642
62,Yvette Byrd,642
13,Cory Ware,642
1394,Michelle Woods,643
2377,Lucas Adams,643
1737,Jimmy Carr,644
2152,Nicholas Santana,644
606,Henry Nguyen,645
2221,Matthew Sanders,645
1139,Ashley Williams,645
641,Christina Torres,645
2285,Mr. Tony,646
438,Kathleen Johnston,646
976,Holly Clark,647
1517,Angelica Carr,648
777,Maria Rogers,650
2171,Michael Fernandez,651
297,Peggy Rodriguez,651
2744,Vanessa Harris,651
1673,Laura Roman,651
2327,Nicole Armstrong,652
623,Michael Walton,652
187,Joseph Singleton,652
1131,Mr. Nicholas,652
2087,Jason Browning,653
1290,Gregory Charles,654
1883,Larry Patterson,654
1188,Kevin Coleman,655
1393,Mallory Taylor,655
1929,Melanie Hardin,655
2257,Vanessa Porter,655
2238,Barbara Graham,656
1443,Jennifer Cruz,656
2060,Rachel Phillips,656
1220,Katherine Powers,656
295,Luis Archer,657
995,Katie Lawrence,657
1225,Maria Ellis,657
1697,Troy Smith,657
2632,Jared Goodwin,658
1699,Tamara Stevens,658
1216,Tracey Navarro,659
2337,Lisa James,659
1329,James Bonilla,659
737,Elizabeth Nunez,659
2563,Marcus Riley,660
2416,Ryan Brown,661
2756,Randy Chan,661
104,Katherine Hines,661
286,Carol Mckay,661
1982,John Horn,662
1959,John Jackson,662
1837,Mark Lawrence,663
1233,Alec Crawford,663
1147,Linda Hicks,664
1336,Michael Vega,664
1275,Nathan Moore,664
1264,Lisa Lawson,664
1453,Monica Smith,665
737,Elizabeth Nunez,665
2338,Sarah Morris,666
2542,Nicholas Anderson,666
1712,Tara Kennedy,667
2691,Tyler Camacho,667
410,Brian Miller,668
1565,Christopher Lane,668
1289,Andrea Myers,668
1393,Mallory Taylor,668
1797,Kyle Washington,669
2004,Lance Torres,669
186,Abigail Miller,669
554,Jason Tanner,669
381,Courtney Martin,670
1225,Maria Ellis,670
2517,Julie Lutz,670
1124,Jonathan Lindsey,670
1914,Dawn Cabrera,671
2619,Kelsey Payne,671
1607,Julie Smith,671
2259,Carla Powers,671
2366,Gerald Walker,673
705,Brittany Lee,673
2057,Aaron Hill,673
204,Cheryl Smith,673
1399,Jeffrey Pacheco,675
785,Jordan Conner,676
1166,Ashley Waters,676
698,Jordan Chang,677
2402,Joshua Lucas,678
1670,Stephanie Wolf,678
2432,Adam Martin,680
1541,Michael Berry,680
2633,James Alvarado,681
1008,Joshua Fox,681
1491,Holly Riddle,682
1973,John Foster,682
1008,Joshua Fox,682
1679,Jonathan Casey,682
497,Christine Barker,683
1032,Karen Simon,683
2438,Justin Little,684
940,Kevin Villa,685
1579,Mary Woods,685
1287,Tonya Nunez,685
2497,Randy Yang,685
1588,Malik White,686
947,Sheila Durham,686
1910,Angela White,686
901,Karen Hamilton,686
1147,Linda Hicks,687
98,Jennifer Morgan,688
2761,Eric Gutierrez,688
2462,Jasmine Wilcox,688
916,Dr. Christopher,688
1561,Tony Richardson,689
417,Donald Sanchez,689
1787,Lori Glover,689
2770,Teresa Robertson,689
927,Angela Diaz,690
2207,Janet Cortez,690
2218,Ernest Fitzgerald,690
82,Stephen Martinez,690
476,Phyllis Frank,691
1473,Larry Tran,692
673,Edward Schultz,692
2544,Caitlin Lucero,692
521,Leah Shaw,692
1021,Marc Martinez,693
2060,Rachel Phillips,693
277,John Jackson,693
2252,Robert Burke,693
995,Katie Lawrence,694
1215,Isabel Sanchez,694
2007,Jordan Rivera,694
1222,April Brewer,694
1171,John Gibson,695
920,Joseph Moran,695
142,Dr. Luis,695
2491,Christie Larson,695
744,Angel Kane,696
374,Brianna Williams,696
1538,Lisa Nichols,697
1059,Benjamin Osborne,698
1027,Taylor Arnold,698
1795,John Mcclure,698
2677,Alyssa Allen,698
1696,David Shaw,699
202,Patricia Schaefer,699
760,Christopher Gray,700
1080,Rhonda Escobar,700
922,Crystal Webb,701
170,Daniel Black,702
1004,Vanessa Herman,702
1698,Christopher Graham,702
2724,Melissa Dillon,702
790,Aaron Barnett,703
896,Jason Steele,703
2233,Crystal Sanders,703
1474,James Barker,703
370,Mr. Joseph,704
504,Tommy Robertson,704
359,Jennifer Roth,705
2485,Javier Frazier,705
1456,Brenda Smith,705
1786,Cassandra Wilson,705
2230,Natalie Reyes,706
1206,Rhonda Macias,707
759,Valerie Campbell,707
1122,Todd Jones,708
508,Kelsey Lang,708
926,Carly Brown,708
1536,William Miller,708
2066,Steven Griffin,709
1763,Jon Cabrera,709
2665,Karen Carpenter,710
555,Don Anderson,710
1574,Eric Alexander,710
141,Christopher Bradley,710
1950,Maria Lindsey,711
786,Amber Glover,712
900,Keith Rogers,712
820,Michele Stevenson,713
1457,Sherry Spencer,714
2264,Zachary Edwards,714
1843,Maria Moore,714
882,Megan Lee,714
2699,Michael Lopez,715
253,Vanessa Anderson,715
2074,Jenna Curtis,715
2126,Michael Ramirez,715
2761,Eric Gutierrez,716
2462,Jasmine Wilcox,717
268,Martin Barnes,717
732,Michelle Murphy,717
1008,Joshua Fox,717
1037,Whitney Rowe,718
1684,Jacob Harrison,719
2004,Lance Torres,720
2341,Brittany Foster,720
1611,Ashley Macdonald,720
2266,Jennifer Henderson,720
1360,Benjamin Maynard,721
427,Joseph Sullivan,721
2578,Tammy Gibson,722
2078,Jessica Mcbride,722
487,Kristen Miller,722
2224,Martin Long,722
1591,Thomas Johnson,723
143,David Scott,723
147,Tiffany Hoffman,723
2235,Mallory Hanson,723
767,Dr. Chad,724
2372,Mr. Craig,724
2534,Todd Harmon,725
1905,Alexander Bell,725
2221,Matthew Sanders,726
879,Thomas Rowe,726
1779,Christopher Schmidt,726
326,Shawn Kerr,726
302,Angelica Lopez,727
367,Adam Young,727
2071,Jeffrey Malone,728
2687,Karen Brooks,729
1790,Kimberly Landry,729
2702,Luis Sanchez,729
1355,Jack Roach,729
2300,Dr. Raven,730
2230,Natalie Reyes,730
1117,Mr. Gregory,731
431,Richard Gonzalez,731
1486,Jessica Oconnor,731
1012,Frank Hill,731
550,Jonathan Brown,732
2191,Maureen Lopez,732
273,David Henderson,732
1698,Christopher Graham,732
769,Kimberly Rogers,733
2738,Ashley Cohen,733
430,Tina Daugherty,733
2190,Gregory Watson,733
466,Hayley Mcdowell,735
1744,Hayley Duncan,735
1696,David Shaw,736
2149,Richard Palmer,736
2644,Steven Davis,738
1816,Yvonne Sawyer,738
1219,Cynthia Bryant,738
1695,Larry Jordan,738
785,Jordan Conner,740
826,Emma Byrd,741
757,Craig Costa,741
2324,Jennifer King,741
869,Paul Harmon,741
2062,Lisa Graham,742
211,Kevin Combs,743
62,Yvette Byrd,743
806,Dominique Salinas,743
2274,Omar Cummings,743
93,Richard Castro,744
236,Jeffrey Anderson,745
486,Joseph Miles,745
2562,Barbara Solomon,746
2513,James Stevens,746
2064,Krista Dawson,747
974,Peter Horton,747
335,Heather Carter,748
1566,Wendy Butler,748
1971,Jack Martin,749
1802,David Murphy,749
1712,Tara Kennedy,749
1363,Brian Mendez,749
837,Tina Williams,750
1834,Jo Turner,750
1142,Cassie Kramer,751
98,Jennifer Morgan,751
2,Christopher Smith,751
130,Madison Williams,751
2331,Rachel Jackson,752
2549,Patrick Thompson,753
825,Crystal Miller,753
2607,Wayne Walker,755
266,Jessica Gonzales,755
1037,Whitney Rowe,755
97,Chad Cruz,755
1157,Roger Kent,756
1225,Maria Ellis,757
85,Jesse Smith,758
2674,Monique Walker,758
1557,Matthew Martin,759
1624,Dalton Guzman,759
887,Tara May,759
521,Leah Shaw,759
2429,Ethan Gonzalez,760
1450,Keith Davis,760
1672,Catherine Jennings,760
582,Angela Burke,760
202,Patricia Schaefer,761
650,Erin Reyes,762
1688,Deanna Benson,763
183,Connie Garza,763
2495,Connor Gray,764
940,Kevin Villa,764
1443,Jennifer Cruz,764
2528,Andrew Bishop,764
1824,Robert Mays,765
1319,Oscar Fuentes,765
854,Paul Elliott,765
1139,Ashley Williams,765
1570,Tasha Aguilar,766
537,Elizabeth Mills,766
338,Thomas Baker,767
1614,Elizabeth Clark,767
1320,John Nguyen,767
660,Bradley Williams,767
57,Misty Vega,768
1206,Rhonda Macias,768
2499,Kevin Reed,768
1628,Gina Zimmerman,768
439,Mr. David,769
1391,Sarah Adams,769
786,Amber Glover,769
2065,Laura Holder,769
408,Jerry Villa,770
1877,Daniel Madden,770
1935,Andrea Stewart,770
2139,Shane Fowler,770
2358,Troy Cameron,771
2085,Gary Brown,771
2589,Sandra Weiss,771
294,Miranda Parker,771
1566,Wendy Butler,772
1712,Tara Kennedy,772
139,John Walters,772
430,Tina Daugherty,772
2482,Amy Taylor,774
1012,Frank Hill,774
2260,Donna Lynch,775
887,Tara May,775
2189,Jacqueline Chapman,775
1731,Kevin Valdez,775
388,Eric Powell,776
1801,Vanessa Jenkins,776
2256,Jeremiah Ashley,777
694,Brandy Collins,778
2145,Jeffrey Jenkins,778
2482,Amy Taylor,778
1907,Margaret Mccann,778
1223,Christopher Gonzalez,779
2518,Shannon Williams,779
763,Eric Hurley,779
2528,Andrew Bishop,779
1174,Nicole Hughes,780
765,Ronald Jones,780
2319,Tommy Hamilton,780
1188,Kevin Coleman,780
316,Patrick Davidson,781
1801,Vanessa Jenkins,782
1999,Matthew Ray,782
1698,Christopher Graham,783
1753,Samuel Henry,783
1245,Nathan Cox,783
1149,Holly Campbell,783
1264,Lisa Lawson,784
2588,Mary Gilbert,785
911,Scott Brown,785
1109,Joshua Smith,785
2786,Sarah Wright,785
2177,Rodney Dunn,786
628,Heather Brooks,786
2227,Savannah Wilson,787
839,Melanie Johnson,787
844,Laura Cox,787
1106,Kathy Hernandez,787
1210,David Maldonado,788
2427,Michael Lee,788
2513,James Stevens,788
1737,Jimmy Carr,788
860,Jason Thomas,789
483,Joshua Wilson,789
986,Samantha Preston,790
1818,Danielle Campbell,790
311,Richard Brown,790
1506,Colleen Weaver,790
1783,Gregory Parsons,791
955,Jesse Carrillo,792
2787,Tracy Pratt,793
924,Jennifer Hunter,793
1261,Lisa Taylor,793
716,Rachel Payne,793
2101,Breanna Salas,794
780,Mary Stafford,794
968,Alejandro Smith,795
255,Jonathan Long,796
2667,Rodney Wiley,796
1094,Shelley Smith,796
734,Scott White,796
2756,Randy Chan,797
234,Jonathan Delacruz,797
483,Joshua Wilson,797
895,Jonathan Moore,797
307,Katherine Armstrong,798
728,Gina Zimmerman,798
1815,Angela Wilson,799
2599,Natasha Smith,800
2755,Holly Allen,800
2098,Brittany Gray,801
72,Michael Craig,801
1544,Joshua Dennis,801
1961,Sheila Ingram,801
177,Morgan Choi,802
1334,Victoria Bell,802
1783,Gregory Parsons,803
1393,Mallory Taylor,803
598,Sharon Hale,804
1271,Nathan Gilbert,804
1888,Grant Harris,804
73,Mindy Lawson,804
144,Autumn Johnson,806
2141,Rodney Green,806
1710,Elizabeth Vasquez,809
1976,Raven Taylor,809
1028,Jonathan Roth,810
1851,Danielle Stewart,810
149,Frederick Williams,810
2627,Brian Barry,810
1061,Jane Cook,811
2672,David Gonzales,811
2152,Nicholas Santana,812
451,Michelle Melton,812
1440,Gabriel Thompson,812
1385,Charles Rose,812
2408,Joseph Blackburn,813
264,James Black,813
368,Casey Bailey,815
642,Sydney Carter,815
1425,Michael Hill,815
1790,Kimberly Landry,815
511,Shane Moreno,816
1867,Kristen Thomas,817
2131,Jennifer Cook,817
2249,Victor Flores,817
2094,Mary Griffith,817
1908,Francisco Hardy,818
332,Jessica Gomez,818
1468,Zachary Mcguire,818
2522,Vanessa Cruz,818
1603,Willie Lutz,819
1504,Samuel Daniel,819
2016,Ethan Rice,819
1882,Eric Romero,819
76,Brittney Wilkinson,820
1143,Mr. Michael,821
2597,Frederick Hernandez,821
2322,Christopher Bell,822
2721,James James,822
134,Timothy Wilson,823
468,Sara Mcpherson,823
2157,Jeremy Aguilar,823
215,Tamara Simon,823
2518,Shannon Williams,824
807,Jeanette Delgado,825
1777,Elizabeth Stevens,826
294,Miranda Parker,826
2312,Caroline Martinez,827
2201,Willie Tran,827
312,John James,828
647,Joseph Frazier,828
782,Katherine Vaughn,828
323,Dennis Baldwin,828
307,Katherine Armstrong,829
1862,Todd Scott,829
1115,Stephanie Thompson,830
712,Michael Hudson,830
115,Tanya Hopkins,830
1781,Angel Johnson,830
1776,Megan Copeland,831
2615,William Tapia,831
1735,Larry Martinez,831
1197,Melanie Castro,831
769,Kimberly Rogers,832
1478,Steven Lutz,833
2341,Brittany Foster,833
1516,Alyssa Martinez,835
2360,Derek Booker,835
1771,Nicholas Russo,835
199,Cory Boyd,835
74,Michael Howell,836
509,Brian Miller,836
842,Sarah Cummings,836
2733,Sharon Allen,836
1476,Samuel Brown,837
1564,Trevor Carter,837
1905,Alexander Bell,837
975,Michael Lopez,837
1971,Jack Martin,838
2396,Denise Jones,838
2323,Michael Harris,838
2407,Amy Nelson,838
2351,Jeanette Ford,839
279,Gail Jones,839
128,Douglas Ruiz,841
1079,Robert Buchanan,842
191,Jeffrey Sellers,842
1176,Kathy Williams,843
407,Rachel Larson,843
1963,Dalton Mcdowell,843
236,Jeffrey Anderson,843
1298,William Murray,844
2443,Michael Fowler,844
1934,Krystal Delgado,845
2410,Logan Smith,845
399,Kevin Winters,845
1165,Monica Coleman,845
255,Jonathan Long,846
826,Emma Byrd,846
2284,Justin Snyder,846
427,Joseph Sullivan,846
1208,Joseph Reyes,847
1792,Warren Reed,847
2460,James Gutierrez,848
435,John Johnson,848
1069,Lori Reed,849
2312,Caroline Martinez,849
1414,Jason Ford,849
1397,Reginald Douglas,849
566,Johnny Bartlett,850
848,George Austin,851
1067,Jordan Grimes,851
2124,John Young,851
2136,Michael Shaffer,851
1864,Jenna Friedman,852
201,Valerie Nguyen,852
2065,Laura Holder,852
343,Kathy Wilson,852
1445,Tanner Walker,853
2674,Monique Walker,853
2049,Sarah Johnson,854
477,Samantha Donaldson,854
2208,Barbara Oconnell,855
820,Michele Stevenson,856
103,Patricia Jackson,856
1771,Nicholas Russo,856
1958,Katie Russell,856
2424,Paul Jackson,857
895,Jonathan Moore,857
2158,James Woods,857
2034,Megan Ortiz,857
1215,Isabel Sanchez,859
389,Mark Jones,859
1038,Mr. Joseph,860
1073,Robert Solomon,860
2074,Jenna Curtis,860
1049,Daniel Johnson,860
2551,Joseph Jackson,861
1170,Tina Fischer,861
2228,Marissa Johnson,862
2086,Joshua Nash,862
2400,Christopher Roth,862
2558,Chelsey Barber,862
593,Heather Odom,863
1811,Darryl Phillips,863
2157,Jeremy Aguilar,864
1923,Courtney Graves,864
301,Dennis Salazar,865
609,Bonnie Friedman,865
2794,Ronald Gilbert,866
2611,Anthony Banks,866
1857,Kristie Thomas,866
1026,Renee Pham,866
721,Donald Snyder,867
285,John Ellis,867
1220,Katherine Powers,868
1848,Wesley Pearson,868
2438,Justin Little,869
2198,Edward Gordon,869
1648,Jeremy Hill,869
2336,Jared Clark,869
1959,John Jackson,870
983,Kyle Moses,870
2738,Ashley Cohen,871
450,Gabriel Torres,871
274,Sarah Bryant,871
860,Jason Thomas,871
2404,Nathan Berry,872
1344,Sandra Ellis,872
876,Todd Stewart,872
2315,Dustin Willis,872
1695,Larry Jordan,873
1132,Heather Mckenzie,873
397,Alec Conner,874
2421,Linda Waters,874
206,David Larson,874
1268,Kathy Carpenter,874
2057,Aaron Hill,875
775,Daniel Hall,875
2744,Vanessa Harris,875
1150,Tammy Benitez,875
580,Jose Frazier,876
1415,Patrick Johnson,876
1725,Drew Jones,876
2633,James Alvarado,876
2036,Vickie Carr,877
2777,Dana Thomas,878
1110,Yvonne Smith,880
1015,Jessica Watson,880
1667,Charles Koch,880
1696,David Shaw,880
2744,Vanessa Harris,881
1518,Scott Sloan,881
1109,Joshua Smith,881
2407,Amy Nelson,881
1451,Lawrence Erickson,882
2023,Denise Brown,882
1280,Chad Benson,882
1567,Alfred Woodward,882
2151,Thomas Wang,884
1920,Susan Bond,884
2690,Betty Soto,884
1624,Dalton Guzman,884
534,Melissa Wilson,886
815,Richard Montgomery,886
1188,Kevin Coleman,886
2016,Ethan Rice,886
55,Ross Davenport,887
528,Megan Hernandez,887
588,April Sharp,888
275,Jacob Hall,888
324,Shane Fischer,888
24,Christopher Hughes,888
1222,April Brewer,889
2339,Sara Weiss,890
80,Adam Chan,890
2407,Amy Nelson,891
2621,Julie Wallace,891
1520,Christina Schultz,892
2660,Dr. Darlene,892
1312,Emily Farmer,892
1005,Teresa Williams,892
311,Richard Brown,893
2477,Joan Johnson,893
1133,Kelly Ruiz,894
1829,Ryan King,894
1198,Matthew Ward,895
2744,Vanessa Harris,895
44,Renee Dudley,896
7,Jessica White,896
1577,Cheryl Anderson,897
1510,Dr. Andrew,898
2658,Kenneth Ramirez,898
323,Dennis Baldwin,899
1151,James Rivera,899
2185,Janice Wiggins,900
225,Sherri Caldwell,900
376,Ricky Hampton,900
957,Jennifer Blanchard,900
2490,Kelly Proctor,902
1313,Christopher Stephens,902
2368,Grant Murphy,902
1555,Travis Miller,902
1327,Gina Arellano,903
190,Matthew Phelps,903
1005,Teresa Williams,903
2105,Andrew Garner,903
1370,Brittney Martinez,904
1959,John Jackson,904
1308,Jennifer Hernandez,904
232,Susan Miller,904
1739,Kathleen Wallace,905
2180,Amy Hill,905
1903,Andrew Cook,905
1886,Christy Smith,905
1043,Steven Edwards,906
1995,Travis Newton,906
2266,Jennifer Henderson,908
1694,Robert Cruz,909
538,Zachary Mitchell,909
725,Steven Martin,909
625,Jacqueline Keller,909
1459,Paul Martin,910
1672,Catherine Jennings,910
2789,Edward Kelley,910
1908,Francisco Hardy,910
1725,Drew Jones,911
2669,Daniel Jones,911
2730,Sue Smith,912
538,Zachary Mitchell,913
199,Cory Boyd,913
2623,George Adams,914
16,Clifford Medina,915
2007,Jordan Rivera,915
1147,Linda Hicks,916
219,Scott Bradley,916
2641,Timothy Novak,916
1045,Miss Emily,916
1480,Beth Wilson,917
778,Victoria Sherman,917
1442,Jennifer Kelly,917
383,Shawn Gibson,917
715,Brandon King,918
1043,Steven Edwards,918
1922,Paul Perez,918
2398,Sharon Schneider,918
1732,Michael Cruz,919
1238,Aaron Parker,919
1111,Anthony Garcia,919
1696,David Shaw,919
1727,Richard Morris,920
1294,Micheal Gentry,920
2483,Christopher Hall,921
1055,Mr. Charles,921
328,Walter Lee,921
190,Matthew Phelps,921
676,Roy Colon,922
1183,Daniel Thomas,923
2019,Gerald Smith,924
1261,Lisa Taylor,925
2478,Sara Jones,925
1732,Michael Cruz,926
2514,Alicia Mueller,927
1545,Daniel Woods,927
1946,Gloria Watson,927
874,Scott Simpson,927
1770,Jillian Patton,928
137,Patricia Olson,928
2691,Tyler Camacho,929
1622,Connor Rodgers,929
1555,Travis Miller,930
2744,Vanessa Harris,930
1948,Misty Cox,931
1125,Kathryn Deleon,932
1811,Darryl Phillips,932
786,Amber Glover,932
1170,Tina Fischer,932
2200,Ricardo Winters,933
1904,Richard Espinoza,933
2324,Jennifer King,933
1919,Christina Casey,933
904,Corey Simmons,934
980,Christopher Middleton,935
772,Kelly Bell,935
1875,Pamela Harris,936
68,Rachel Weber,937
1256,Jordan Hall,937
920,Joseph Moran,938
1131,Mr. Nicholas,938
2724,Melissa Dillon,939
2468,Grace Vance,939
2212,Courtney Gross,940
2756,Randy Chan,940
1035,Jacqueline Sanders,940
1145,Kevin Orr,940
21,Mr. Colin,942
2282,Timothy Anderson,942
477,Samantha Donaldson,943
741,Thomas Paul,943
1977,David Pierce,943
603,Shelley Rhodes,943
2400,Christopher Roth,944
828,Kimberly Bowman,944
1408,Jeffrey Holland,945
143,David Scott,945
1888,Grant Harris,946
349,Mrs. Audrey,946
158,Michelle Peters,947
1249,Theresa Sharp,947
2510,Henry Drake,947
2703,Brian Mcpherson,947
1929,Melanie Hardin,949
1423,Anna Kerr,950
2117,Benjamin Petersen,951
838,Jason Castro,951
1781,Angel Johnson,952
2125,Francisco Lloyd,952
1219,Cynthia Bryant,952
2340,Jessica Smith,952
1038,Mr. Joseph,953
2454,Robert Gonzalez,954
1971,Jack Martin,954
2188,Catherine Wilson,954
1027,Taylor Arnold,954
448,Tina Wright,957
225,Sherri Caldwell,957
1542,Frank Simon,957
2220,Alexandra Cunningham,957
2137,Alyssa Day,958
1403,Michael Yu,958
1625,Heather Weber,958
482,Richard Blankenship,958
2452,Jaime Reid,959
2615,William Tapia,959
1461,Teresa Ellis,959
909,Lori Day,959
2269,Sharon Montgomery,960
570,Amanda Terry,962
476,Phyllis Frank,963
2403,Richard Rogers,963
2570,Pamela Thompson,963
736,James Smith,963
1814,Charles Williams,964
1545,Daniel Woods,964
2298,Billy Hudson,966
2753,Carrie Stone,966
2672,David Gonzales,967
693,James Perez,968
669,Joyce Avery,969
2541,Michelle Johnson,970
2743,Kathleen Harris,970
2489,Jessica Flynn,971
1566,Wendy Butler,971
1143,Mr. Michael,972
590,Richard Mcconnell,972
1798,Pamela Wilson,972
2244,Casey Harris,972
2445,Yolanda Ortega,973
1430,Laura Peterson,973
184,Cynthia Marshall,974
2386,Catherine Mack,974
472,Rachael Johnson,976
749,Brittany Hart,978
2229,Kenneth Lewis,978
430,Tina Daugherty,979
2228,Marissa Johnson,980
759,Valerie Campbell,980
1564,Trevor Carter,981
1124,Jonathan Lindsey,981
2307,Lynn Freeman,981
49,April Reyes,981
855,Mr. Sergio,982
1811,Darryl Phillips,982
1971,Jack Martin,982
1779,Christopher Schmidt,982
2228,Marissa Johnson,983
202,Patricia Schaefer,983
1995,Travis Newton,985
870,Joseph Barrett,985
1925,Richard Terry,986
1417,Tiffany Byrd,986
303,Jennifer Gomez,987
1141,Kayla Flowers,987
1908,Francisco Hardy,987
2308,April Taylor,987
2494,Mary Allen,988
384,Timothy Harris,988
1165,Monica Coleman,989
484,Steven Salazar,990
439,Mr. David,990
1797,Kyle Washington,990
1330,Edwin Leblanc,990
1564,Trevor Carter,991
1880,Justin Haynes,991
2194,Linda Reeves,992
2366,Gerald Walker,992
2445,Yolanda Ortega,992
2156,Jody Washington,992
2725,Kevin Delgado,994
1762,Angela Wyatt,994
1709,Paul Nelson,994
2487,Danny Olson,994
2742,Robert Williamson,995
619,Susan White,995
389,Mark Jones,996
1804,Allison Espinoza,996
490,Joyce Garrett,996
2510,Henry Drake,996
2460,James Gutierrez,997
1235,Tamara Wagner,997
318,Melanie Davis,998
1007,Cindy Arnold,999
2128,Patricia Wade,999
720,Justin Schroeder,999
772,Kelly Bell,999
144,Autumn Johnson,1000
758,Peter Dixon,1000
567,Katie Williams,1000
2149,Richard Palmer,1000
1044,Jake Gonzalez,1001
328,Walter Lee,1001
383,Shawn Gibson,1001
366,Shannon Green,1001
